tourney_id,tourney_name,surface,draw_size,tourney_level,indoor,tourney_date,match_num,winner_id,winner_seed,winner_entry,winner_name,winner_hand,winner_ht,winner_ioc,winner_age,winner_rank,winner_rank_points,loser_id,loser_seed,loser_entry,loser_name,loser_hand,loser_ht,loser_ioc,loser_age,loser_rank,loser_rank_points,score,best_of,round,minutes,w_ace,w_df,w_svpt,w_1stIn,w_1stWon,w_2ndWon,w_SvGms,w_bpSaved,w_bpFaced,l_ace,l_df,l_svpt,l_1stIn,l_1stWon,l_2ndWon,l_SvGms,l_bpSaved,l_bpFaced,__src_year
2026-9900,United Cup,Hard,18,A,O,20260102,1,B0BI,,,Sebastian Baez,R,170,ARG,25.002,45,1145,MU94,,,Jaume Munar,R,183,ESP,28.652,33,1385,6-4 6-4,3,RR,103,0,2,71,46,27,15,10,4,6,7,0,52,39,25,6,10,2,6,2026
2026-9900,United Cup,Hard,18,A,O,20260102,2,TE51,,,Stefanos Tsitsipas,R,193,GRE,27.381,36,1380,M0HU,,,Shintaro Mochizuki,R,175,JPN,22.576,99,647,6-3 6-4,3,RR,82,8,2,61,42,28,11,10,1,2,1,3,57,30,22,11,9,5,8,2026
2026-9900,United Cup,Hard,18,A,O,20260102,3,Z371,,,Zhizhen Zhang,R,193,CHN,29.202,410,115,BU13,,,Zizou Bergs,R,185,BEL,26.574,42,1208,6-7(2) 7-6(3) 7-5,3,RR,173,12,0,108,71,59,21,18,0,0,18,5,126,75,58,29,18,9,10,2026
2026-9900,United Cup,Hard,18,A,O,20260102,4,W367,,,Stan Wawrinka,R,183,SUI,40.756,157,397,RC91,,,Arthur Rinderknech,R,196,FRA,30.437,29,1527,5-7 7-6(5) 7-6(5),3,RR,198,6,2,120,68,53,31,18,2,4,17,5,111,61,50,32,18,6,7,2026
2026-9900,United Cup,Hard,18,A,O,20260102,5,B0BI,,,Sebastian Baez,R,170,ARG,25.002,45,1145,FB98,,,Taylor Fritz,R,196,USA,28.17,6,4085,4-6 7-5 6-4,3,RR,153,4,0,107,80,51,16,16,8,11,23,2,102,56,43,21,16,4,8,2026
2026-9900,United Cup,Hard,18,A,O,20260102,6,RH16,,,Casper Ruud,R,183,NOR,27.02,12,2825,DH58,,,Alex de Minaur,R,183,AUS,26.864,7,4080,6-3 6-3,3,RR,93,6,3,66,47,37,8,9,5,5,2,8,66,36,23,14,9,7,10,2026
2026-9900,United Cup,Hard,18,A,O,20260102,7,HD68,,,Billy Harris,R,193,GBR,30.927,128,482,M0HU,,,Shintaro Mochizuki,R,175,JPN,22.576,99,647,7-6(4) 6-3,3,RR,110,4,3,70,41,30,16,11,4,6,4,6,68,27,21,18,10,1,4,2026
2026-9900,United Cup,Hard,18,A,O,20260102,8,Z355,,,Alexander Zverev,R,198,GER,28.693,3,5110,GJ37,,,Tallon Griekspoor,R,188,NED,29.492,26,1565,7-5 6-0,3,RR,69,15,0,48,36,32,6,9,2,2,3,3,43,30,19,3,9,0,4,2026
2026-9900,United Cup,Hard,18,A,O,20260102,9,AG37,,,Felix Auger-Aliassime,R,193,CAN,25.407,5,4190,Z371,,,Zhizhen Zhang,R,193,CHN,29.218,410,115,6-4 6-4,3,RR,87,6,0,55,37,32,10,10,1,1,2,2,55,34,23,12,10,0,2,2026
2026-9900,United Cup,Hard,18,A,O,20260102,11,FB98,,,Taylor Fritz,R,196,USA,28.189,6,4085,MU94,,,Jaume Munar,R,183,ESP,28.671,33,1385,7-6(4) 3-6 7-6(6),3,RR,193,16,7,112,75,60,18,16,5,6,14,5,122,72,62,24,17,2,2,2026
2026-9900,United Cup,Hard,18,A,O,20260102,12,HB71,,,Hubert Hurkacz,R,196,POL,28.898,83,710,Z355,,,Alexander Zverev,R,198,GER,28.712,3,5110,6-3 6-4,3,RR,82,21,0,63,41,35,9,10,1,1,7,0,46,40,25,6,9,1,3,2026
2026-9900,United Cup,Hard,18,A,O,20260102,13,M0NI,,,Jakub Mensik,R,196,CZE,20.345,18,2130,RH16,,,Casper Ruud,R,183,NOR,27.039,12,2825,7-5 7-6(6),3,RR,128,16,3,83,51,40,13,12,5,7,1,1,79,45,25,22,12,3,6,2026
2026-9900,United Cup,Hard,18,A,O,20260102,14,TE51,,,Stefanos Tsitsipas,R,193,GRE,27.4,36,1380,HD68,,,Billy Harris,R,193,GBR,30.946,128,482,4-6 6-1 7-6(4),3,RR,136,5,2,84,54,46,18,15,1,2,4,3,83,51,40,17,14,4,6,2026
2026-9900,United Cup,Hard,18,A,O,20260102,15,BU13,,,Zizou Bergs,R,185,BEL,26.595,42,1208,AG37,,,Felix Auger-Aliassime,R,193,CAN,25.413,5,4190,6-4 6-2,3,RR,88,4,0,50,30,22,16,9,5,5,8,5,62,38,28,6,9,7,10,2026
2026-9900,United Cup,Hard,18,A,O,20260102,10,C0E9,,,Flavio Cobolli,R,183,ITA,23.666,22,2000,W367,,,Stan Wawrinka,R,183,SUI,40.772,157,397,6-4 6-7(2) 7-6(4),3,RR,175,8,1,101,55,41,33,17,0,0,8,3,104,61,49,27,17,3,4,2026
2026-9900,United Cup,Hard,18,A,O,20260102,16,RC91,,,Arthur Rinderknech,R,196,FRA,30.459,29,1527,C0E9,,,Flavio Cobolli,R,183,ITA,23.671,22,2000,6-7(4) 7-6(5) 7-5,3,RR,201,13,3,123,65,49,29,18,7,11,5,5,123,58,40,35,18,8,13,2026
2026-9900,United Cup,Hard,18,A,O,20260102,17,DH58,,,Alex de Minaur,R,183,AUS,26.886,7,4080,M0NI,,,Jakub Mensik,R,196,CZE,20.348,18,2130,6-4 6-1,3,RR,91,4,0,62,38,26,14,8,4,4,3,3,58,34,23,8,9,2,6,2026
2026-9900,United Cup,Hard,18,A,O,20260102,18,TE51,,,Stefanos Tsitsipas,R,193,GRE,27.406,36,1380,FB98,,,Taylor Fritz,R,196,USA,28.194,6,4085,6-4 7-5,3,QF,81,5,2,63,44,35,11,11,2,2,6,0,53,32,26,13,11,1,3,2026
2026-9900,United Cup,Hard,18,A,O,20260102,19,HB71,,,Hubert Hurkacz,R,196,POL,28.903,83,710,GJ37,,,Tallon Griekspoor,R,188,NED,29.517,26,1565,6-3 7-6(4),3,RR,82,21,0,55,41,37,11,11,0,0,4,0,59,39,26,13,10,0,1,2026
2026-9900,United Cup,Hard,18,A,O,20260102,20,B0BI,,,Sebastian Baez,R,170,ARG,25.027,45,1145,W367,,,Stan Wawrinka,R,183,SUI,40.78,157,397,7-5 6-4,3,QF,98,3,1,73,57,41,9,11,5,5,11,2,66,36,29,14,11,2,4,2026
2026-9900,United Cup,Hard,18,A,O,20260102,21,BU13,7,,Zizou Bergs,R,185,BEL,26.601,42,1208,M0NI,11,,Jakub Mensik,R,196,CZE,20.353,18,2130,6-2 7-6(4),3,QF,100,7,2,79,43,31,20,10,3,5,6,5,59,33,22,13,10,3,7,2026
2026-9900,United Cup,Hard,18,A,O,20260102,22,DH58,4,,Alex de Minaur,R,183,AUS,26.894,7,4080,HB71,9,,Hubert Hurkacz,R,196,POL,28.909,83,710,6-4 4-6 6-4,3,QF,138,6,1,104,57,47,25,15,10,11,19,0,85,63,47,12,15,2,4,2026
2026-9900,United Cup,Hard,18,A,O,20260102,23,BU13,,,Zizou Bergs,R,185,BEL,26.606,42,1208,W367,,,Stan Wawrinka,R,183,SUI,40.789,157,397,6-3 6-7(4) 6-3,3,SF,150,7,4,100,59,42,29,16,2,2,8,1,104,59,40,26,14,4,6,2026
2026-9900,United Cup,Hard,18,A,O,20260102,24,HB71,,,Hubert Hurkacz,R,196,POL,28.912,83,710,FB98,,,Taylor Fritz,R,196,USA,28.203,6,4085,7-6(1) 7-6(2),3,SF,94,16,3,76,59,50,7,12,2,2,12,0,73,47,37,13,12,1,1,2026
2026-9900,United Cup,Hard,18,A,O,20260102,25,HB71,,,Hubert Hurkacz,R,196,POL,28.914,83,710,W367,,,Stan Wawrinka,R,183,SUI,40.791,157,397,6-3 3-6 6-3,3,F,114,18,0,90,63,52,9,14,8,9,10,1,78,49,38,15,13,5,7,2026
2026-339Q,Brisbane,Hard,24,Q,O,20260102,1,C0JP,,,Raphael Collignon,R,191,BEL,,72,,S0H2,,,Alexander Shevchenko,R,188,KAZ,,104,,7-5 6-4,3,QF,90,12,6,70,42,31,12,11,2,4,3,0,60,32,20,16,11,5,9,2026
2026-339Q,Brisbane,Hard,24,Q,O,20260102,2,C0H0,,,Arthur Cazaux,R,183,FRA,,67,,L0IL,,,Martin Landaluce,R,193,ESP,,149,,6-3 6-2,3,QF,83,9,1,46,36,30,7,9,0,0,3,6,65,38,23,11,8,5,8,2026
2026-339Q,Brisbane,Hard,24,Q,O,20260102,3,CD85,,,Pablo Carreno Busta,R,188,ESP,,92,,B0GG,,,Mattia Bellucci,L,175,ITA,,76,,6-4 2-6 7-6(3),3,QF,143,8,2,89,55,42,19,15,3,6,13,3,91,59,47,15,15,3,5,2026
2026-339Q,Brisbane,Hard,24,Q,O,20260102,4,S0IA,,,Dane Sweeny,R,170,AUS,,182,,F0BY,,,Jacob Fearnley,R,183,GBR,,77,,6-1 7-6(4),3,QF,99,3,1,73,38,25,21,10,3,5,7,6,65,46,27,7,9,3,7,2026
2026-339Q,Brisbane,Hard,24,Q,O,20260102,5,Q02L,,,Ethan Quinn,R,191,USA,,78,,BM95,,,Benjamin Bonzi,R,183,FRA,,106,,4-6 6-3 6-3,3,QF,107,10,0,66,49,40,11,14,0,2,7,8,99,65,44,15,14,10,14,2026
2026-339Q,Brisbane,Hard,24,Q,O,20260102,6,O483,,,Christopher O'Connell,R,183,AUS,,118,,BG23,,,Nikoloz Basilashvili,R,185,GEO,,105,,6-2 6-3,3,QF,60,9,0,18,11,7,4,2,0,1,8,10,24,6,4,3,1,2,6,2026
2026-339Q,Brisbane,Hard,24,Q,O,20260102,7,A0GC,,,Terence Atmane,L,193,FRA,,64,,H997,,,Yannick Hanfmann,R,193,GER,,101,,6-4 7-6(3),3,QF,94,10,0,63,39,31,17,11,1,2,10,1,61,6,36,6,11,3,5,2026
2026-339Q,Brisbane,Hard,24,Q,O,20260102,8,D994,,,James Duckworth,R,183,AUS,,86,,S0N0,,,Tristan Schoolkate,R,183,AUS,,97,,6-3 6-2,3,QF,72,5,2,47,20,18,18,9,0,0,9,5,50,26,20,7,8,1,4,2026
2026-339Q,Brisbane,Hard,24,Q,O,20260102,9,H0BH,,,Rinky Hijikata,R,178,AUS,,115,,M0JZ,,,Filip Misolic,R,180,AUT,,82,,6-3 6-3,3,QF,93,11,3,65,41,32,9,9,6,7,5,2,76,45,25,14,9,7,11,2026
2026-339Q,Brisbane,Hard,24,Q,O,20260102,11,HB64,,,Quentin Halys,R,191,FRA,,85,,S0JA,,,Eliot Spizzirri,R,185,USA,,89,,6-4 6-3,3,QF,80,10,2,68,45,37,11,10,4,4,5,3,52,32,25,9,9,3,5,2026
2026-339Q,Brisbane,Hard,24,Q,O,20260102,12,A0FC,,,Matteo Arnaldi,R,185,ITA,,65,,G09O,,,Hugo Gaston,L,173,FRA,,94,,6-1 5-7 7-6(5),3,QF,152,10,5,120,76,54,16,16,10,14,4,1,100,68,45,12,15,8,13,2026
2026-339Q,Brisbane,Hard,24,Q,O,20260102,13,S0IA,,,Dane Sweeny,R,170,AUS,,182,,O483,,,Christopher O'Connell,R,183,AUS,,118,,6-7(4) 6-3 6-4,3,SF,146,5,2,110,72,44,17,16,2,7,7,3,97,65,40,9,15,3,10,2026
2026-339Q,Brisbane,Hard,24,Q,O,20260102,14,CD85,,,Pablo Carreno Busta,R,188,ESP,,92,,C0H0,,,Arthur Cazaux,R,183,FRA,,67,,5-3 RET,3,SF,,1,1,27,19,16,2,4,0,0,3,0,26,15,10,5,4,1,2,2026
2026-339Q,Brisbane,Hard,24,Q,O,20260102,15,C0JP,,,Raphael Collignon,R,191,BEL,,72,,Q02L,,,Ethan Quinn,R,191,USA,,78,,7-5 6-3,3,SF,78,8,4,54,37,32,10,10,1,1,10,2,65,45,29,12,11,7,10,2026
2026-339Q,Brisbane,Hard,24,Q,O,20260102,16,D994,,,James Duckworth,R,183,AUS,,86,,A0GC,,,Terence Atmane,L,193,FRA,,64,,7-6(4) 6-2,3,SF,89,7,0,64,39,33,14,10,1,2,7,4,64,39,30,7,10,3,6,2026
2026-339Q,Brisbane,Hard,24,Q,O,20260102,17,HB64,,,Quentin Halys,R,191,FRA,,85,,MQ75,,,Kamil Majchrzak,R,183,POL,,58,,1-6 7-6(5) 6-4,3,SF,121,19,5,98,62,50,12,14,3,5,9,0,88,54,44,21,15,4,5,2026
2026-339Q,Brisbane,Hard,24,Q,O,20260102,18,H0BH,,,Rinky Hijikata,R,178,AUS,,115,,A0FC,,,Matteo Arnaldi,R,185,ITA,,65,,WO,3,SF,,,,,,,,,,,,,,,,,,,,2026
2026-339,Brisbane,Hard,32,250,O,20260104,1,TD51,,,Frances Tiafoe,R,188,USA,27.956,30,1500,V832,,,Aleksandar Vukic,R,188,AUS,29.747,84,708,6-2 6-2,3,R32,60,3,0,39,28,23,9,8,0,0,3,3,46,26,15,7,8,2,6,2026
2026-339,Brisbane,Hard,32,250,O,20260104,2,T0HA,8,,Learner Tien,L,180,USA,20.09,28,1540,U182,,,Camilo Ugo Carabelli,R,185,ARG,26.552,49,1028,7-6(4) 6-3,3,R32,91,1,2,61,36,29,17,11,0,1,2,2,66,38,29,13,10,5,7,2026
2026-339,Brisbane,Hard,32,250,O,20260104,3,HB64,,,Quentin Halys,R,191,FRA,29.194,91,669,P09Z,,,Alexei Popyrin,R,196,AUS,26.42,50,1000,5-7 6-3 6-4,3,R32,114,15,2,79,58,52,9,16,1,2,13,2,84,54,41,16,15,3,5,2026
2026-339,Brisbane,Hard,32,250,O,20260104,4,L0BV,3,,Jiri Lehecka,R,185,CZE,24.159,19,2075,M0FH,,,Tomas Machac,R,183,CZE,25.229,35,1360,6-4 6-7(5) 6-2,3,R32,144,8,0,88,63,50,16,15,2,2,8,5,109,71,50,17,15,2,5,2026
2026-339,Brisbane,Hard,32,250,O,20260104,5,K0AH,,,Sebastian Korda,R,196,USA,25.503,46,1090,VA25,,,Valentin Vacherot,R,193,MON,27.138,31,1469,7-6(1) 6-3,3,R32,87,10,5,67,46,37,12,11,3,4,9,2,69,46,30,13,10,7,9,2026
2026-339,Brisbane,Hard,32,250,O,20260104,6,MQ75,,,Kamil Majchrzak,R,183,POL,29.979,59,861,AE14,,,Daniel Altmaier,R,188,GER,27.316,44,1123,7-6(4) 6-0,3,R32,82,7,1,53,37,33,6,9,0,1,7,5,59,37,24,7,9,5,9,2026
2026-339,Brisbane,Hard,32,250,O,20260104,7,M0QI,,,Alex Michelsen,R,193,USA,21.363,37,1300,D994,,,James Duckworth,R,183,AUS,33.958,86,694,6-7(4) 7-6(2) 6-3,3,R32,146,19,2,109,76,60,19,17,6,6,10,7,99,55,45,25,16,2,3,2026
2026-339,Brisbane,Hard,32,250,O,20260104,8,O522,,,Reilly Opelka,R,211,USA,28.356,60,861,S0IA,,,Dane Sweeny,R,170,AUS,24.895,183,315,6-3 7-5,3,R32,82,21,2,55,45,36,8,11,0,0,2,4,68,41,33,10,10,6,8,2026
2026-339,Brisbane,Hard,32,250,O,20260104,9,MM58,1,,Daniil Medvedev,R,198,RUS,29.9,13,2710,F724,,,Marton Fucsovics,R,188,HUN,33.908,54,949,6-2 6-3,3,R32,69,4,2,42,28,22,6,8,2,4,0,2,57,35,19,7,9,4,10,2026
2026-339,Brisbane,Hard,32,250,O,20260104,10,N0AE,,,Brandon Nakashima,R,188,USA,24.427,33,1380,DH50,2,,Alejandro Davidovich Fokina,R,180,ESP,26.59,14,2585,7-6(4) 6-4,3,R32,100,15,2,69,39,33,18,11,2,3,6,1,72,45,31,15,11,5,7,2026
2026-339,Brisbane,Hard,32,250,O,20260104,11,C0JP,,,Raphael Collignon,R,191,BEL,23.981,84,704,SU55,5,,Denis Shapovalov,L,185,CAN,26.73,23,1665,6-4 6-2,3,R32,76,2,0,48,35,29,8,9,0,0,3,3,65,35,20,16,9,9,12,2026
2026-339,Brisbane,Hard,32,250,O,20260104,12,D875,,,Grigor Dimitrov,R,191,BUL,34.645,47,1080,CD85,,,Pablo Carreno Busta,R,188,ESP,34.489,92,656,6-3 6-2,3,R32,67,7,1,49,30,26,12,9,1,1,4,1,45,32,21,6,8,1,4,2026
2026-339,Brisbane,Hard,32,250,O,20260104,13,M0GZ,,,Giovanni Mpetshi Perricard,R,203,FRA,22.5,67,825,PL56,4,,Tommy Paul,R,185,USA,28.641,20,2050,7-6(2) 3-6 7-6(6),3,R32,131,24,4,110,80,60,19,16,2,3,6,1,96,63,50,27,17,1,1,2026
2026-339,Brisbane,Hard,32,250,O,20260104,14,N771,7,,Cameron Norrie,L,188,GBR,30.374,28,1523,HH26,,,Ugo Humbert,L,188,FRA,27.532,36,1355,1-6 7-6(6) 7-5,3,R32,155,10,4,104,65,43,18,16,2,7,13,4,101,55,39,23,15,7,10,2026
2026-339,Brisbane,Hard,32,250,O,20260104,15,H0BH,,,Rinky Hijikata,R,178,AUS,24.868,111,546,W09E,,,Adam Walton,R,183,AUS,26.724,77,732,6-3 6-2,3,R32,72,7,0,54,33,22,13,9,1,2,4,1,48,32,18,8,8,4,8,2026
2026-339,Brisbane,Hard,32,250,O,20260104,16,K0AZ,,,Aleksandar Kovacevic,R,183,USA,27.357,58,877,KE17,,,Nick Kyrgios,R,193,AUS,30.697,,,6-3 6-4,3,R32,66,10,3,47,26,25,15,10,0,0,5,0,46,29,23,10,9,0,2,2026
2026-339,Brisbane,Hard,32,250,O,20260104,17,MM58,1,,Daniil Medvedev,R,198,RUS,29.906,13,2710,TD51,,,Frances Tiafoe,R,188,USA,27.964,30,1500,6-3 6-2,3,R16,60,9,4,48,34,31,6,9,0,0,2,0,42,25,20,6,8,3,6,2026
2026-339,Brisbane,Hard,32,250,O,20260104,18,K0AH,,,Sebastian Korda,R,196,USA,25.509,46,1090,L0BV,3,,Jiri Lehecka,R,185,CZE,24.164,19,2075,6-3 1-2 RET,3,R16,46,6,1,28,16,16,8,6,0,0,6,0,41,27,21,5,6,3,4,2026
2026-339,Brisbane,Hard,32,250,O,20260104,19,M0QI,,,Alex Michelsen,R,193,USA,21.369,37,1300,T0HA,8,,Learner Tien,L,180,USA,20.099,28,1540,6-4 6-2,3,R16,75,4,1,53,34,28,10,9,1,1,8,8,60,34,22,13,9,6,9,2026
2026-339,Brisbane,Hard,32,250,O,20260104,20,MQ75,,,Kamil Majchrzak,R,183,POL,29.985,59,861,O522,,,Reilly Opelka,R,211,USA,28.361,60,861,6-7(2) 7-6(7) 7-6(8),3,R16,149,13,2,108,76,66,22,18,0,0,44,4,122,99,78,14,18,3,3,2026
2026-339,Brisbane,Hard,32,250,O,20260104,21,K0AZ,,,Aleksandar Kovacevic,R,183,USA,27.362,58,877,N771,7,,Cameron Norrie,L,188,GBR,30.379,28,1523,7-6(4) 4-6 6-4,3,R16,148,21,4,112,62,46,30,16,3,4,11,4,93,59,51,16,16,1,2,2026
2026-339,Brisbane,Hard,32,250,O,20260104,22,N0AE,,,Brandon Nakashima,R,188,USA,24.433,33,1380,HB64,,,Quentin Halys,R,191,FRA,29.202,91,669,6-2 6-4,3,R16,76,12,0,60,44,32,9,9,2,2,6,4,56,35,24,9,9,6,9,2026
2026-339,Brisbane,Hard,32,250,O,20260104,23,M0GZ,,,Giovanni Mpetshi Perricard,R,203,FRA,22.505,67,825,H0BH,,,Rinky Hijikata,R,178,AUS,24.873,111,546,4-6 7-6(5) 7-6(4),3,R16,133,29,2,102,75,61,18,17,2,3,5,2,111,80,61,21,17,4,4,2026
2026-339,Brisbane,Hard,32,250,O,20260104,24,C0JP,,,Raphael Collignon,R,191,BEL,23.986,84,704,D875,,,Grigor Dimitrov,R,191,BUL,34.65,47,1080,7-6(1) 6-3,3,R16,108,10,2,66,44,36,14,11,3,3,11,2,81,40,31,17,10,6,7,2026
2026-339,Brisbane,Hard,32,250,O,20260104,25,K0AZ,,,Aleksandar Kovacevic,R,183,USA,27.365,58,877,M0GZ,,,Giovanni Mpetshi Perricard,R,203,FRA,22.508,67,825,7-6(3) 4-6 6-3,3,QF,107,13,3,81,52,45,21,16,0,1,24,1,87,61,50,15,15,4,5,2026
2026-339,Brisbane,Hard,32,250,O,20260104,26,N0AE,,,Brandon Nakashima,R,188,USA,24.435,33,1380,C0JP,,,Raphael Collignon,R,191,BEL,23.989,84,704,6-3 6-3,3,QF,82,7,0,63,49,39,6,9,6,6,3,1,50,29,21,10,9,2,5,2026
2026-339,Brisbane,Hard,32,250,O,20260104,27,M0QI,,,Alex Michelsen,R,193,USA,21.374,37,1300,K0AH,,,Sebastian Korda,R,196,USA,25.514,46,1090,6-3 7-6(7),3,QF,99,3,3,76,49,34,19,11,1,1,8,1,67,38,31,13,10,1,2,2026
2026-339,Brisbane,Hard,32,250,O,20260104,28,MM58,1,,Daniil Medvedev,R,198,RUS,29.911,13,2710,MQ75,,,Kamil Majchrzak,R,183,POL,29.99,59,861,6-7(4) 6-3 6-2,3,QF,132,16,4,93,61,48,14,15,5,6,4,0,90,54,34,18,14,5,9,2026
2026-339,Brisbane,Hard,32,250,O,20260104,29,N0AE,,,Brandon Nakashima,R,188,USA,24.438,33,1380,K0AZ,,,Aleksandar Kovacevic,R,183,USA,27.368,58,877,7-6(4) 6-4,3,SF,104,15,1,73,51,38,12,11,2,2,14,4,77,49,38,12,11,2,3,2026
2026-339,Brisbane,Hard,32,250,O,20260104,30,MM58,1,,Daniil Medvedev,R,198,RUS,29.914,13,2710,M0QI,,,Alex Michelsen,R,193,USA,21.377,37,1300,6-4 6-2,3,SF,102,9,7,75,46,32,14,9,7,8,4,1,65,42,22,12,9,4,8,2026
2026-339,Brisbane,Hard,32,250,O,20260104,31,MM58,1,,Daniil Medvedev,R,198,RUS,29.916,13,2710,N0AE,,,Brandon Nakashima,R,188,USA,24.441,33,1380,6-2 7-6(1),3,F,95,10,4,73,51,36,13,10,3,4,3,0,53,33,26,8,10,2,5,2026
2026-336Q,Hong Kong,Hard,16,A,O,20260102,1,Z0CQ,,,Yi Zhou,R,193,CHN,,244,,M0IF,,,Francesco Maestrelli,R,196,ITA,,141,,6-0 6-3,3,QF,68,4,0,51,39,29,7,8,6,6,3,1,43,22,12,9,7,3,7,2026
2026-336Q,Hong Kong,Hard,16,Q,O,20260102,2,DB63,,,Laslo Djere,R,188,SRB,,91,,Y218,,,Elias Ymer,R,185,SWE,,175,,6-4 7-6,3,QF,111,2,3,70,43,33,17,11,2,3,3,0,82,52,38,15,11,7,9,2026
2026-336Q,Hong Kong,Hard,16,Q,O,20260102,3,TE30,,,Alejandro Tabilo,L,188,CHI,,81,,V0DZ,,,Luca Van Assche,R,178,FRA,,165,,7-6(3) 3-6 6-3,3,QF,167,9,2,98,65,47,8,15,6,13,6,9,97,62,40,11,15,6,13,2026
2026-336Q,Hong Kong,Hard,16,Q,O,20260102,4,MP01,,,Michael Mmoh,R,188,USA,,228,,GD64,,,Cristian Garin,R,185,CHI,,80,,3-6 6-3 7-5,3,QF,136,9,7,98,62,48,18,15,3,5,10,3,74,39,29,21,15,0,3,2026
2026-336Q,Hong Kong,Hard,16,Q,O,20260102,5,K0A3,,,Patrick Kypson,R,188,USA,,116,,SS25,,,Vitaliy Sachko,R,188,UKR,,166,,6-2 6-3,3,QF,86,12,2,70,44,31,13,9,7,8,8,3,54,36,23,5,8,4,8,2026
2026-336Q,Hong Kong,Hard,16,Q,O,20260102,7,SL28,,,Jan-Lennard Struff,R,193,GER,,84,,P09O,,,Zsombor Piros,R,180,HUN,,170,,7-5 7-6,3,QF,99,7,0,73,50,37,13,12,1,3,5,2,86,60,36,12,12,4,7,2026
2026-336Q,Hong Kong,Hard,16,Q,O,20260102,8,B0NN,,,Nishesh Basavareddy,R,180,USA,,239,,Y09V,,,Yunchaokete Bu,R,185,CHN,,120,,7-6 6-3,3,QF,106,9,2,76,47,38,15,11,3,3,10,2,60,36,27,14,10,1,2,2026
2026-336Q,Hong Kong,Hard,16,Q,O,20260102,9,TE30,,,Alejandro Tabilo,L,188,CHI,,81,,Z0CQ,,,Yi Zhou,R,193,CHN,,244,,4-6 6-4 6-3,3,SF,114,2,2,85,59,45,14,15,1,2,10,1,79,53,38,16,14,2,4,2026
2026-336Q,Hong Kong,Hard,16,Q,O,20260102,10,MP01,,,Michael Mmoh,R,188,USA,,228,,K0A3,,,Patrick Kypson,R,188,USA,,116,,6-2 3-6 6-4,3,SF,127,15,3,85,62,48,11,13,3,4,9,2,83,61,44,11,14,8,11,2026
2026-336Q,Hong Kong,Hard,16,Q,O,20260102,11,SL28,,,Jan-Lennard Struff,R,193,GER,,84,,B0NN,,,Nishesh Basavareddy,R,180,USA,,239,,7-6(5) 6-2,3,SF,85,14,0,60,39,35,12,10,3,3,7,8,69,38,30,13,10,5,7,2026
2026-336Q,Hong Kong,Hard,16,Q,O,20260102,12,DB63,,,Laslo Djere,R,188,SRB,,91,,N0AM,,,Emilio Nava,R,185,USA,,88,,7-5 7-6(1),3,SF,125,5,3,81,52,38,15,12,5,7,4,1,93,68,42,11,12,6,9,2026
2026-336,Hong Kong,Hard,28,250,O,20260105,1,BT72,8,,Nuno Borges,R,185,POR,28.876,45,1120,D923,,,Damir Dzumhur,R,175,BIH,33.629,65,837,6-4 6-3,3,R32,75,5,1,51,40,27,4,9,3,5,1,5,69,41,24,11,10,3,8,2026
2026-336,Hong Kong,Hard,28,250,O,20260105,2,C977,,,Marin Cilic,R,198,CRO,37.27,70,765,ME82,,,Adrian Mannarino,L,180,FRA,37.52,68,817,6-3 6-2,3,R32,84,9,3,56,27,24,15,9,1,1,0,0,49,36,22,5,8,3,6,2026
2026-336,Hong Kong,Hard,28,250,O,20260105,3,WB32,,,Yibing Wu,R,183,CHN,26.229,179,322,M0CI,,,Fabian Marozsan,R,193,HUN,26.245,53,975,6-4 6-2,3,R32,74,2,0,63,40,31,10,9,3,3,2,1,49,30,21,8,9,2,5,2026
2026-336,Hong Kong,Hard,28,250,O,20260105,4,MP01,,,Michael Mmoh,R,188,USA,27.989,285,184,TE30,,,Alejandro Tabilo,L,188,CHI,28.597,81,717,7-5 6-4,3,R32,111,13,3,76,49,39,13,11,6,6,6,1,65,39,28,15,11,4,6,2026
2026-336,Hong Kong,Hard,28,250,O,20260105,5,SU87,5,,Lorenzo Sonego,R,191,ITA,30.658,39,1240,S0UV,,,Rei Sakamoto,R,193,JPN,19.537,200,292,6-2 7-6(4),3,R32,105,4,0,63,39,30,15,10,1,2,1,2,78,43,25,20,10,3,6,2026
2026-336,Hong Kong,Hard,28,250,O,20260105,6,D0F6,6,,Gabriel Diallo,R,203,CAN,24.285,40,1215,D0C1,,,Jesper de Jong,R,180,NED,25.602,71,763,6-4 7-6(7),3,R32,105,9,2,73,47,39,16,11,0,0,8,4,69,42,34,16,11,0,1,2026
2026-336,Hong Kong,Hard,28,250,O,20260105,7,MP20,7,,Alexandre Muller,R,183,FRA,28.928,52,980,KI95,,,Miomir Kecmanovic,R,183,SRB,26.352,51,1000,7-5 6-4,3,R32,77,9,2,59,43,33,8,11,3,5,7,0,62,43,30,7,11,0,4,2026
2026-336,Hong Kong,Hard,28,250,O,20260105,8,EA24,,,Tomas Martin Etcheverry,R,196,ARG,26.472,57,895,R0EB,,,Valentin Royer,R,188,FRA,24.608,56,924,6-4 7-5,3,R32,104,8,0,56,33,26,16,11,1,2,9,1,72,49,29,15,11,9,12,2026
2026-336,Hong Kong,Hard,28,250,O,20260105,9,W0BH,,,Coleman Wong,R,191,HKG,21.585,150,406,N0BS,,,Mariano Navone,R,178,ARG,24.857,72,760,6-3 7-5,3,R32,101,4,2,72,37,27,18,10,6,8,3,3,74,47,31,8,11,6,11,2026
2026-336,Hong Kong,Hard,28,250,O,20260105,10,S0RE,,,Juncheng Shang,L,180,CHN,20.925,406,115,C0DF,,,Francisco Comesana,R,178,ARG,25.251,66,829,6-4 6-4,3,R32,77,6,0,58,39,30,12,10,1,1,7,2,52,37,27,10,10,3,5,2026
2026-336,Hong Kong,Hard,28,250,O,20260105,11,GC88,,,Marcos Giron,R,180,USA,32.454,64,845,DB63,,,Laslo Djere,R,188,SRB,30.598,95,652,6-2 6-0,3,R32,59,1,3,42,27,21,8,7,0,0,4,2,50,32,16,6,7,2,7,2026
2026-336,Hong Kong,Hard,28,250,O,20260105,12,V812,,,Botic van de Zandschulp,R,191,NED,30.259,75,746,SL28,,,Jan-Lennard Struff,R,193,GER,35.702,82,711,6-3 1-6 6-1,3,R32,94,4,5,72,43,29,14,12,5,8,3,4,72,45,27,14,11,4,8,2026
2026-336,Hong Kong,Hard,28,250,O,20260105,13,M0EJ,1,,Lorenzo Musetti,R,185,ITA,23.849,7,3990,EA24,,,Tomas Martin Etcheverry,R,196,ARG,26.475,57,895,6-7(3) 6-2 6-4,3,R16,161,8,3,96,69,46,17,15,1,3,10,0,94,67,45,12,15,3,8,2026
2026-336,Hong Kong,Hard,28,250,O,20260105,14,BT72,8,,Nuno Borges,R,185,POR,28.882,45,1120,C977,,,Marin Cilic,R,198,CRO,37.276,70,765,7-5 6-3,3,R16,81,5,1,61,37,32,12,11,1,2,9,5,52,32,22,10,10,1,4,2026
2026-336,Hong Kong,Hard,28,250,O,20260105,15,W0BH,,,Coleman Wong,R,191,HKG,21.588,150,406,D0F6,6,,Gabriel Diallo,R,203,CAN,24.287,40,1215,1-6 7-5 7-5,3,R16,149,10,3,107,63,42,21,15,11,15,9,3,108,75,50,15,16,7,11,2026
2026-336,Hong Kong,Hard,28,250,O,20260105,16,RE44,3,,Andrey Rublev,R,188,RUS,28.216,16,2510,WB32,,,Yibing Wu,R,183,CHN,26.234,179,322,3-6 6-2 6-1,3,R16,97,10,2,77,51,38,12,12,3,5,5,1,72,42,28,11,12,2,7,2026
2026-336,Hong Kong,Hard,28,250,O,20260105,17,GC88,,,Marcos Giron,R,180,USA,32.46,64,845,MP20,7,,Alexandre Muller,R,183,FRA,28.934,52,980,6-4 7-6(4),3,R16,96,3,1,68,47,32,12,11,1,4,3,2,76,47,28,12,11,5,9,2026
2026-336,Hong Kong,Hard,28,250,O,20260105,18,S0RE,,,Juncheng Shang,L,180,CHN,20.931,406,115,SU87,5,,Lorenzo Sonego,R,191,ITA,30.664,39,1240,6-3 6-4,3,R16,82,7,3,70,49,38,11,10,5,5,5,2,44,33,24,7,9,1,3,2026
2026-336,Hong Kong,Hard,28,250,O,20260105,19,BK92,2,,Alexander Bublik,R,196,KAZ,28.561,11,2845,,,,Botic Van De Zandschulp,,,,,,,6-3 6-3,3,R16,70,12,4,53,38,33,5,9,2,2,8,6,57,30,23,9,9,1,4,2026
2026-336,Hong Kong,Hard,28,250,O,20260105,20,MP01,,,Michael Mmoh,R,188,USA,27.995,285,184,KE29,4,,Karen Khachanov,R,198,RUS,29.634,17,2320,7-6(2) 7-6(4),3,R16,122,11,2,86,59,47,15,12,4,5,12,1,77,51,42,12,12,2,3,2026
2026-336,Hong Kong,Hard,28,250,O,20260105,21,M0EJ,1,,Lorenzo Musetti,R,185,ITA,23.855,7,3990,W0BH,,,Coleman Wong,R,191,HKG,21.593,150,406,6-4 6-4,3,QF,75,2,2,52,31,21,17,10,0,1,6,2,57,43,31,4,10,3,6,2026
2026-336,Hong Kong,Hard,28,250,O,20260105,22,RE44,3,,Andrey Rublev,R,188,RUS,28.222,16,2510,BT72,8,,Nuno Borges,R,185,POR,28.887,45,1120,6-3 6-4,3,QF,73,7,1,50,38,34,7,10,1,1,2,0,69,47,33,7,9,6,8,2026
2026-336,Hong Kong,Hard,28,250,O,20260105,23,GC88,,,Marcos Giron,R,180,USA,32.463,64,845,MP01,,,Michael Mmoh,R,188,USA,27.997,285,184,6-3 1-0 RET,3,QF,49,3,0,40,31,22,4,5,6,7,0,2,29,18,11,3,5,2,5,2026
2026-336,Hong Kong,Hard,28,250,O,20260105,24,BK92,2,,Alexander Bublik,R,196,KAZ,28.564,11,2845,S0RE,,,Juncheng Shang,L,180,CHN,20.934,406,115,6-1 7-6(2),3,QF,85,15,2,58,39,34,13,10,1,1,3,3,68,39,24,17,9,2,4,2026
2026-336,Hong Kong,Hard,28,250,O,20260105,25,M0EJ,1,,Lorenzo Musetti,R,185,ITA,23.858,7,3990,RE44,3,,Andrey Rublev,R,188,RUS,28.225,16,2510,6-7(3) 7-5 6-4,3,SF,163,5,2,117,86,65,14,17,7,8,7,0,105,68,50,19,17,7,10,2026
2026-336,Hong Kong,Hard,28,250,O,20260105,26,BK92,2,,Alexander Bublik,R,196,KAZ,28.567,11,2845,GC88,,,Marcos Giron,R,180,USA,32.465,64,845,3-6 6-4 6-2,3,SF,101,9,4,82,54,42,14,14,6,8,5,1,82,55,36,14,13,0,3,2026
2026-336,Hong Kong,Hard,28,250,O,20260105,27,BK92,2,,Alexander Bublik,R,196,KAZ,28.569,11,2845,M0EJ,1,,Lorenzo Musetti,R,185,ITA,23.86,7,3990,7-6(2) 6-3,3,F,98,10,4,67,51,40,7,10,2,3,5,1,73,46,29,15,11,4,7,2026
2026-8998Q,Adelaide,Hard,16,Q,O,20260110,1,S0H2,,,Alexander Shevchenko,R,188,KAZ,,104,,TE16,,,Carlos Taberner,R,183,ESP,,98,,6-3 6-2,3,QF,69,7,2,51,27,23,15,9,0,0,1,4,51,32,22,6,8,1,4,2026
2026-8998Q,Adelaide,Hard,16,Q,O,20260110,2,F0BY,,,Jacob Fearnley,R,183,GBR,,77,,O483,,,Christopher O'Connell,R,183,AUS,,118,,7-6(4) 7-6(4),3,QF,117,7,5,82,51,34,18,12,1,4,10,1,83,51,37,14,12,6,9,2026
2026-8998Q,Adelaide,Hard,16,Q,O,20260110,4,V832,,,Aleksandar Vukic,R,188,AUS,,87,,N0BG,,,Luca Nardi,R,185,ITA,,108,,6-7(4) 6-3 6-2,3,QF,125,6,2,88,49,35,23,14,4,6,7,5,102,63,43,17,15,3,9,2026
2026-8998Q,Adelaide,Hard,16,Q,O,20260110,5,HB64,,,Quentin Halys,R,191,FRA,,85,,BM95,,,Benjamin Bonzi,R,183,FRA,,106,,6-3 6-4,3,QF,83,10,3,59,42,33,11,10,1,1,3,4,71,47,31,10,9,4,6,2026
2026-8998Q,Adelaide,Hard,16,Q,O,20260110,6,VA08,,,Andrea Vavassori,R,193,ITA,,336,,C0JP,,,Raphael Collignon,R,191,BEL,,72,,6-3 7-6(5),3,QF,98,5,1,68,38,29,22,11,3,3,4,1,59,41,30,12,10,1,2,2026
2026-8998Q,Adelaide,Hard,16,Q,O,20260110,7,T0A1,,,Thiago Agustin Tirante,R,185,ARG,,102,,D0C1,,,Jesper de Jong,R,180,NED,,73,,3-6 6-1 6-3,3,QF,124,7,3,73,39,30,17,12,1,3,3,4,81,45,27,17,13,4,9,2026
2026-8998Q,Adelaide,Hard,16,Q,O,20260110,9,V832,,,Aleksandar Vukic,R,188,AUS,,87,,F0BY,,,Jacob Fearnley,R,183,GBR,,77,,6-4 6-7(7) 6-3,3,SF,133,7,1,91,55,40,24,16,1,3,14,10,101,61,45,18,15,2,6,2026
2026-8998Q,Adelaide,Hard,16,Q,O,20260110,10,VA08,,,Andrea Vavassori,R,193,ITA,,336,,T0A1,,,Thiago Agustin Tirante,R,185,ARG,,102,,6-2 6-3,3,SF,83,3,1,55,33,23,15,9,2,2,5,1,47,28,17,9,8,3,6,2026
2026-8998Q,Adelaide,Hard,16,Q,O,20260110,11,S0H2,,,Alexander Shevchenko,R,188,KAZ,,104,,M0JZ,,,Filip Misolic,R,180,AUT,,82,,7-5 6-3,3,SF,79,6,2,58,40,32,11,11,2,3,0,3,62,38,27,9,10,4,7,2026
2026-8998Q,Adelaide,Hard,16,Q,O,20260110,12,HB64,,,Quentin Halys,R,191,FRA,,85,,W09E,,,Adam Walton,R,183,AUS,,79,,6-2 7-6(9),3,SF,89,11,1,57,42,36,12,10,0,0,9,3,81,56,36,13,10,5,7,2026
2026-8998,Adelaide,Hard,28,250,O,20260112,1,O522,,,Reilly Opelka,R,211,USA,28.375,60,861,P09Z,,,Alexei Popyrin,R,196,AUS,26.439,50,1000,6-3 7-6(6),3,R32,83,22,4,64,50,44,8,11,1,1,10,0,57,39,35,9,10,1,2,2026
2026-8998,Adelaide,Hard,28,250,O,20260112,2,VA25,5,,Valentin Vacherot,R,193,MON,27.157,32,1469,KI95,,,Miomir Kecmanovic,R,183,SRB,26.368,59,910,7-6(5) 6-4,3,R32,96,12,3,85,64,44,9,11,6,8,4,3,67,46,32,11,11,1,4,2026
2026-8998,Adelaide,Hard,28,250,O,20260112,3,MU94,,,Jaume Munar,R,183,ESP,28.69,38,1295,AE14,,,Daniel Altmaier,R,188,GER,27.335,44,1123,6-3 6-0,3,R32,64,3,2,32,20,17,8,7,0,1,3,2,52,29,13,9,8,2,8,2026
2026-8998,Adelaide,Hard,28,250,O,20260112,4,KD46,,,Thanasi Kokkinakis,R,193,AUS,29.758,,,K0AH,,,Sebastian Korda,R,196,USA,25.522,51,975,3-6 6-3 7-6(3),3,R32,146,15,1,100,61,43,24,15,6,9,8,3,90,45,33,27,15,2,5,2026
2026-8998,Adelaide,Hard,28,250,O,20260112,5,HH26,,,Ugo Humbert,L,188,FRA,27.548,36,1355,A0GC,,,Terence Atmane,L,193,FRA,24.008,64,862,6-3 7-6(3),3,R32,92,5,2,67,40,34,18,11,3,3,7,3,67,36,26,19,10,5,6,2026
2026-8998,Adelaide,Hard,28,250,O,20260112,6,M0FH,8,,Tomas Machac,R,183,CZE,25.251,35,1360,D994,,,James Duckworth,R,183,AUS,33.979,86,694,6-3 6-3,3,R32,71,11,0,50,33,29,10,9,2,2,7,0,54,30,20,14,9,2,5,2026
2026-8998,Adelaide,Hard,28,250,O,20260112,7,HB64,,,Quentin Halys,R,191,FRA,29.216,85,697,F0BY,,,Jacob Fearnley,R,183,GBR,24.498,77,752,6-3 6-4,3,R32,78,11,1,57,34,25,13,10,3,5,2,7,59,38,27,6,9,5,9,2026
2026-8998,Adelaide,Hard,28,250,O,20260112,8,H0BH,,,Rinky Hijikata,R,178,AUS,24.887,115,527,S0N0,,,Tristan Schoolkate,R,183,AUS,24.879,97,641,6-4 6-4,3,R32,79,4,1,52,33,26,13,10,3,4,8,5,59,30,22,14,10,3,6,2026
2026-8998,Adelaide,Hard,28,250,O,20260112,9,S0H2,,,Alexander Shevchenko,R,188,KAZ,25.123,104,597,D923,,,Damir Dzumhur,R,175,BIH,33.651,66,837,4-6 6-4 7-5,3,R32,147,7,5,102,61,41,20,16,4,9,1,1,100,61,40,15,16,4,10,2026
2026-8998,Adelaide,Hard,28,250,O,20260112,10,V832,,,Aleksandar Vukic,R,188,AUS,29.771,87,693,TE51,7,,Stefanos Tsitsipas,R,193,GRE,27.422,33,1455,7-6(3) 7-6(5),3,R32,113,6,0,94,57,38,26,12,4,4,13,0,77,50,44,13,12,4,4,2026
2026-8998,Adelaide,Hard,28,250,O,20260112,11,F724,,,Marton Fucsovics,R,188,HUN,33.93,55,949,Q02L,,,Ethan Quinn,R,191,USA,21.84,78,733,6-4 6-4,3,R32,95,5,2,73,45,32,15,10,6,7,5,3,60,32,23,12,10,1,4,2026
2026-8998,Adelaide,Hard,28,250,O,20260112,12,VA08,,,Andrea Vavassori,R,193,ITA,30.694,336,147,D0F6,,,Gabriel Diallo,R,203,CAN,24.304,41,1215,6-3 7-6(4),3,R32,109,5,3,70,42,36,13,11,0,1,5,3,66,42,32,11,10,1,3,2026
2026-8998,Adelaide,Hard,28,250,O,20260112,13,DH50,1,,Alejandro Davidovich Fokina,R,180,ESP,26.612,15,2585,H0BH,,,Rinky Hijikata,R,178,AUS,24.89,115,527,6-3 6-2,3,R16,83,0,2,43,25,19,8,8,3,5,1,3,62,34,19,9,9,5,11,2026
2026-8998,Adelaide,Hard,28,250,O,20260112,14,PL56,2,,Tommy Paul,R,185,USA,28.663,21,2000,O522,,,Reilly Opelka,R,211,USA,28.381,60,861,6-4 6-4,3,R16,71,6,2,54,31,26,16,10,0,0,15,1,55,36,28,9,10,3,5,2026
2026-8998,Adelaide,Hard,28,250,O,20260112,15,MU94,,,Jaume Munar,R,183,ESP,28.695,38,1295,C0AU,3,,Francisco Cerundolo,R,185,ARG,27.422,20,2035,3-6 7-5 6-4,3,R16,148,14,3,89,61,45,15,16,4,7,2,3,99,59,41,23,15,9,12,2026
2026-8998,Adelaide,Hard,28,250,O,20260112,16,HH26,,,Ugo Humbert,L,188,FRA,27.554,36,1355,GJ37,4,,Tallon Griekspoor,R,188,NED,29.536,25,1565,6-4 6-1,3,R16,78,3,2,52,30,24,13,9,4,5,2,4,56,42,22,6,8,4,8,2026
2026-8998,Adelaide,Hard,28,250,O,20260112,17,VA25,5,,Valentin Vacherot,R,193,MON,27.162,32,1469,KD46,,,Thanasi Kokkinakis,R,193,AUS,29.763,,,W/O,3,R16,133,7,1,91,54,39,25,16,1,3,14,10,101,60,44,19,15,2,6,2026
2026-8998,Adelaide,Hard,28,250,O,20260112,18,M0FH,8,,Tomas Machac,R,183,CZE,25.254,35,1360,HB64,,,Quentin Halys,R,191,FRA,29.218,85,697,6-4 6-2,3,R16,74,6,2,59,40,29,9,9,1,2,4,1,56,33,22,9,9,2,6,2026
2026-8998,Adelaide,Hard,28,250,O,20260112,19,S0H2,,,Alexander Shevchenko,R,188,KAZ,25.125,104,597,F724,,,Marton Fucsovics,R,188,HUN,33.933,55,949,6-3 7-6(6),3,R16,100,9,0,63,45,39,11,11,3,3,7,0,74,46,34,15,10,9,10,2026
2026-8998,Adelaide,Hard,28,250,O,20260112,20,V832,,,Aleksandar Vukic,R,188,AUS,29.774,87,693,VA08,,,Andrea Vavassori,R,193,ITA,30.697,336,147,6-2 7-6(5),3,R16,105,7,0,63,36,30,15,10,1,2,8,6,78,51,37,8,10,8,11,2026
2026-8998,Adelaide,Hard,28,250,O,20260112,21,M0FH,8,,Tomas Machac,R,183,CZE,25.257,35,1360,MU94,,,Jaume Munar,R,183,ESP,28.698,38,1295,6-4 6-4,3,QF,90,2,0,61,37,28,16,10,4,4,4,0,59,41,28,10,10,4,6,2026
2026-8998,Adelaide,Hard,28,250,O,20260112,22,PL56,2,,Tommy Paul,R,185,USA,28.665,21,2000,V832,,,Aleksandar Vukic,R,188,AUS,29.777,87,693,6-3 6-2,3,QF,62,9,0,48,26,20,15,9,0,1,1,2,51,28,17,7,8,3,7,2026
2026-8998,Adelaide,Hard,28,250,O,20260112,23,HH26,,,Ugo Humbert,L,188,FRA,27.556,36,1355,S0H2,,,Alexander Shevchenko,R,188,KAZ,25.128,104,597,6-0 6-3,3,QF,57,7,1,44,33,28,7,8,3,3,1,4,41,28,15,3,7,3,7,2026
2026-8998,Adelaide,Hard,28,250,O,20260112,24,DH50,1,,Alejandro Davidovich Fokina,R,180,ESP,26.615,15,2585,VA25,5,,Valentin Vacherot,R,193,MON,27.165,32,1469,7-6(4) 6-2,3,QF,92,3,1,62,46,35,11,10,0,1,15,4,65,49,32,8,10,2,5,2026
2026-8998,Adelaide,Hard,28,250,O,20260112,25,M0FH,8,,Tomas Machac,R,183,CZE,25.259,35,1360,PL56,2,,Tommy Paul,R,185,USA,28.668,21,2000,2-6 6-3 6-3,3,SF,111,8,2,84,51,40,14,13,2,4,3,0,82,49,31,18,13,5,8,2026
2026-8998,Adelaide,Hard,28,250,O,20260112,26,HH26,,,Ugo Humbert,L,188,FRA,27.559,36,1355,DH50,1,,Alejandro Davidovich Fokina,R,180,ESP,26.617,15,2585,6-3 5-7 7-6(4),3,SF,152,10,2,101,68,53,18,17,0,1,5,2,103,73,51,18,16,2,3,2026
2026-8998,Adelaide,Hard,28,250,O,20260112,27,M0FH,8,,Tomas Machac,R,183,CZE,25.262,35,1360,HH26,,,Ugo Humbert,L,188,FRA,27.562,36,1355,6-4 6-7(2) 6-2,3,F,143,5,1,98,67,49,18,15,3,4,8,3,97,60,45,15,15,8,12,2026
2026-301Q,Auckland,Hard,16,Q,O,20260110,1,C0C8,,,Juan Manuel Cerundolo,L,183,ARG,,83,,M0HU,,,Shintaro Mochizuki,R,175,JPN,,112,,6-4 6-7(3) 6-2,3,QF,168,8,4,113,60,42,30,15,9,10,4,11,110,68,48,17,15,11,15,2026
2026-301Q,Auckland,Hard,16,Q,O,20260110,2,G09O,,,Hugo Gaston,L,173,FRA,,94,,B0HY,,,Isaac Becroft,R,180,NZL,,1018,,6-3 6-2,3,QF,73,6,2,55,35,28,9,9,3,4,2,2,57,31,18,11,8,4,8,2026
2026-301Q,Auckland,Hard,16,Q,O,20260110,3,KI82,,,Vit Kopriva,R,178,CZE,,100,,CD85,,,Pablo Carreno Busta,R,188,ESP,,92,,6-3 1-6 6-4,3,QF,119,5,1,72,48,33,13,13,2,5,5,0,94,62,37,18,13,10,13,2026
2026-301Q,Auckland,Hard,16,Q,O,20260110,4,S0JA,,,Eliot Spizzirri,R,185,USA,,89,,GD64,,,Cristian Garin,R,185,CHI,,80,,6-2 6-4,3,QF,82,7,0,53,41,32,5,9,6,7,6,3,64,35,20,13,9,5,9,2026
2026-301Q,Auckland,Hard,16,Q,O,20260110,6,B0GG,,,Mattia Bellucci,L,175,ITA,,76,,BU54,,,Geoffrey Blancaneaux,R,180,FRA,,256,,6-3 6-4,3,QF,89,6,1,51,32,28,13,10,2,2,3,4,70,43,30,11,9,5,7,2026
2026-301Q,Auckland,Hard,16,Q,O,20260110,7,N0AM,,,Emilio Nava,R,185,USA,,88,,K0A3,,,Patrick Kypson,R,188,USA,,116,,6-3 6-4,3,QF,77,9,0,49,29,26,14,10,0,0,4,3,52,29,22,10,9,3,5,2026
2026-301Q,Auckland,Hard,16,Q,O,20260110,8,M0JF,,,Hamad Medjedovic,R,188,SRB,,96,,S0GD,,,Dalibor Svrcina,R,178,CZE,,93,,6-1 6-4,3,QF,70,9,1,53,38,30,6,9,1,2,3,2,46,27,15,8,8,1,5,2026
2026-301Q,Auckland,Hard,16,Q,O,20260110,9,S0JA,,,Eliot Spizzirri,R,185,USA,,89,,C0C8,,,Juan Manuel Cerundolo,L,183,ARG,,83,,6-4 6-3,3,SF,87,1,0,56,40,31,7,10,4,6,3,3,56,26,17,13,9,5,9,2026
2026-301Q,Auckland,Hard,16,Q,O,20260110,10,G09O,,,Hugo Gaston,L,173,FRA,,94,,KI82,,,Vit Kopriva,R,178,CZE,,100,,6-2 6-4,3,SF,84,3,2,57,34,26,8,9,2,4,0,4,6,42,22,10,9,5,10,2026
2026-301Q,Auckland,Hard,16,Q,O,20260110,11,N0AM,,,Emilio Nava,R,185,USA,,88,,SL28,,,Jan-Lennard Struff,R,193,GER,,84,,3-6 6-4 6-3,3,SF,101,10,5,81,60,45,9,14,5,7,8,2,84,51,36,18,14,4,7,2026
2026-301Q,Auckland,Hard,16,Q,O,20260110,12,M0JF,,,Hamad Medjedovic,R,188,SRB,,96,,B0GG,,,Mattia Bellucci,L,175,ITA,,76,,6-3 6-2,3,SF,67,7,1,52,33,28,12,9,1,1,7,3,52,35,27,4,8,2,5,2026
2026-301,Auckland,Hard,32,250,O,20260112,1,N771,5,,Cameron Norrie,L,188,GBR,30.39,28,1523,G09O,,,Hugo Gaston,L,173,FRA,25.295,94,653,6-3 6-4,3,R32,80,3,2,48,33,29,8,9,0,0,4,6,75,44,29,15,10,5,8,2026
2026-301,Auckland,Hard,32,250,O,20260112,2,B0CD,,,Jenson Brooksby,R,193,USA,25.213,48,1017,W0ED,,,James Watt,R,206,NZL,25.593,,,6-4 6-3,3,R32,86,2,3,66,48,34,10,9,3,3,4,3,68,51,33,7,10,10,13,2026
2026-301,Auckland,Hard,32,250,O,20260112,3,C0DF,,,Francisco Comesana,R,178,ARG,25.268,66,829,R0EB,,,Valentin Royer,R,188,FRA,24.624,56,924,6-4 6-4,3,R32,80,10,1,51,37,32,8,10,0,0,4,4,63,44,35,5,10,1,3,2026
2026-301,Auckland,Hard,32,250,O,20260112,4,S0JA,,,Eliot Spizzirri,R,185,USA,24.055,89,672,ME82,,,Adrian Mannarino,L,180,FRA,37.539,68,817,6-4 6-3,3,R32,80,5,0,44,28,25,12,9,0,0,4,3,63,27,19,16,10,2,5,2026
2026-301,Auckland,Hard,32,250,O,20260112,5,B0BI,7,,Sebastian Baez,R,170,ARG,25.04,39,1250,N0AM,,,Emilio Nava,R,185,USA,24.112,88,677,4-6 7-5 6-3,3,R32,143,3,1,111,91,57,15,15,5,6,10,1,96,60,43,20,16,6,9,2026
2026-301,Auckland,Hard,32,250,O,20260112,6,M0CI,,,Fabian Marozsan,R,193,HUN,26.267,52,975,MC65,,,Gael Monfils,R,193,FRA,39.368,110,550,5-7 6-3 6-4,3,R32,120,6,2,96,57,41,25,16,2,4,10,6,93,56,40,18,15,5,8,2026
2026-301,Auckland,Hard,32,250,O,20260112,7,M0QI,6,,Alex Michelsen,R,193,USA,21.385,37,1350,N0BS,,,Mariano Navone,R,178,ARG,24.876,74,760,2-6 6-2 7-5,3,R32,145,2,0,85,54,37,14,14,2,6,4,3,108,65,39,22,14,10,15,2026
2026-301,Auckland,Hard,32,250,O,20260112,8,GC88,,,Marcos Giron,R,180,USA,32.474,60,895,MP20,,,Alexandre Muller,R,183,FRA,28.947,50,980,6-2 6-2,3,R32,73,1,0,59,38,30,12,8,6,6,3,3,45,28,18,6,8,1,5,2026
2026-301,Auckland,Hard,32,250,O,20260112,9,M0JF,,,Hamad Medjedovic,R,188,SRB,22.491,96,643,K0AZ,,,Aleksandar Kovacevic,R,183,USA,27.376,54,964,6-4 3-6 7-6(2),3,R32,117,12,3,85,60,50,14,15,2,3,15,1,89,60,52,13,16,1,2,2026
2026-301,Auckland,Hard,32,250,O,20260112,10,M0GZ,,,Giovanni Mpetshi Perricard,R,203,FRA,22.519,63,865,BD06,,,Roberto Bautista Agut,R,183,ESP,37.749,90,670,6-3 7-6(2),3,R32,96,22,4,75,54,41,9,11,6,7,2,2,71,54,35,10,10,6,8,2026
2026-301,Auckland,Hard,32,250,O,20260112,11,TE30,,,Alejandro Tabilo,L,188,CHI,28.616,81,722,U182,,,Camilo Ugo Carabelli,R,185,ARG,26.576,47,1028,6-4 6-2,3,R32,62,9,0,41,31,29,7,9,0,0,4,3,48,29,21,6,9,0,3,2026
2026-301,Auckland,Hard,32,250,O,20260112,12,BT72,8,,Nuno Borges,R,185,POR,28.898,46,1070,EA24,,,Tomas Martin Etcheverry,R,196,ARG,26.491,61,895,7-5 3-6 7-6(2),3,R32,149,8,2,108,80,63,13,16,2,3,6,2,91,51,42,28,17,0,1,2026
2026-301,Auckland,Hard,32,250,O,20260112,13,M0NI,3,,Jakub Mensik,R,196,CZE,20.37,18,2125,M0JF,,,Hamad Medjedovic,R,188,SRB,22.494,96,643,6-1 3-6 6-3,3,R16,134,22,4,97,55,45,17,13,11,13,9,7,91,55,34,15,12,6,10,2026
2026-301,Auckland,Hard,32,250,O,20260112,14,S0S1,1,,Ben Shelton,L,193,USA,23.266,8,3960,C0DF,,,Francisco Comesana,R,178,ARG,25.273,66,829,7-5 6-4,3,R16,102,12,3,73,55,43,10,11,6,6,1,1,66,48,33,10,11,2,4,2026
2026-301,Auckland,Hard,32,250,O,20260112,15,M0CI,,,Fabian Marozsan,R,193,HUN,26.27,52,975,RH16,2,,Casper Ruud,R,183,NOR,27.064,13,2795,6-4 6-4,3,R16,81,4,0,58,41,34,9,10,1,1,6,0,63,43,33,8,10,7,9,2026
2026-301,Auckland,Hard,32,250,O,20260112,16,D0FJ,4,,Luciano Darderi,R,183,ITA,23.915,24,1579,TE30,,,Alejandro Tabilo,L,188,CHI,28.619,81,722,1-6 7-5 6-3,3,R16,108,9,3,77,46,34,16,14,5,8,11,3,76,48,38,12,14,2,5,2026
2026-301,Auckland,Hard,32,250,O,20260112,17,M0GZ,,,Giovanni Mpetshi Perricard,R,203,FRA,22.522,63,865,N771,5,,Cameron Norrie,L,188,GBR,30.396,28,1523,4-6 6-3 7-6(4),3,R16,122,25,3,102,73,57,15,16,3,4,3,2,81,55,43,19,15,3,4,2026
2026-301,Auckland,Hard,32,250,O,20260112,18,GC88,,,Marcos Giron,R,180,USA,32.476,60,895,M0QI,6,,Alex Michelsen,R,193,USA,21.388,37,1350,6-4 6-4,3,R16,87,4,0,51,39,30,7,10,0,1,4,3,74,49,33,10,10,5,8,2026
2026-301,Auckland,Hard,32,250,O,20260112,19,B0BI,7,,Sebastian Baez,R,170,ARG,25.046,39,1250,B0CD,,,Jenson Brooksby,R,193,USA,25.218,48,1017,7-5 6-0,3,R16,87,1,3,68,55,33,7,9,7,9,0,5,53,35,16,6,9,0,6,2026
2026-301,Auckland,Hard,32,250,O,20260112,20,S0JA,,,Eliot Spizzirri,R,185,USA,24.06,89,672,BT72,8,,Nuno Borges,R,185,POR,28.901,46,1070,7-6(6) 6-4,3,R16,98,7,0,66,49,40,9,11,1,2,4,0,76,55,40,11,11,4,6,2026
2026-301,Auckland,Hard,32,250,O,20260112,21,GC88,,,Marcos Giron,R,180,USA,32.479,60,895,D0FJ,4,,Luciano Darderi,R,183,ITA,23.918,24,1579,1-6 7-5 6-4,3,QF,155,8,4,88,56,37,13,14,6,11,12,1,93,47,36,20,15,5,10,2026
2026-301,Auckland,Hard,32,250,O,20260112,22,M0NI,3,,Jakub Mensik,R,196,CZE,20.375,18,2125,M0CI,,,Fabian Marozsan,R,193,HUN,26.275,52,975,7-6(9) 4-6 6-1,3,SF,127,16,5,98,58,43,21,15,5,8,3,2,96,64,45,15,14,3,7,2026
2026-301,Auckland,Hard,32,250,O,20260112,23,B0BI,7,,Sebastian Baez,R,170,ARG,25.051,39,1250,GC88,,,Marcos Giron,R,180,USA,32.482,60,895,6-1 6-4,3,SF,87,5,1,52,43,30,7,9,1,2,3,4,80,47,29,11,8,11,15,2026
2026-301,Auckland,Hard,32,250,O,20260112,24,B0BI,7,,Sebastian Baez,R,170,ARG,25.051,39,1250,S0S1,1,,Ben Shelton,L,193,USA,23.272,8,3960,7-5 6-3,3,QF,98,0,1,61,49,33,6,10,3,5,6,1,73,53,29,8,11,6,11,2026
2026-301,Auckland,Hard,32,250,O,20260112,25,M0NI,3,,Jakub Mensik,R,196,CZE,20.375,18,2125,M0GZ,,,Giovanni Mpetshi Perricard,R,203,FRA,22.527,63,865,6-4 6-2,3,QF,65,8,3,43,27,23,9,9,0,1,5,2,51,33,19,7,9,5,9,2026
2026-301,Auckland,Hard,32,250,O,20260112,26,M0CI,,,Fabian Marozsan,R,193,HUN,26.275,52,975,S0JA,,,Eliot Spizzirri,R,185,USA,24.066,89,672,6-4 2-6 6-2,3,QF,104,9,2,73,52,35,8,13,2,6,5,1,66,34,26,15,13,2,7,2026
2026-301,Auckland,Hard,32,250,O,20260112,27,M0NI,3,,Jakub Mensik,R,196,CZE,20.378,18,2125,B0BI,7,,Sebastian Baez,R,170,ARG,25.054,39,1250,6-3 7-6(7),3,F,82,18,3,67,41,39,9,11,1,2,2,3,65,52,35,6,10,3,5,2026
2026-580Q,Australian Open,Hard,64,Q,O,20260112,4,B0NN,,,Nishesh Basavareddy,R,180,USA,,242,,GK06,,,Alexis Galarneau,R,180,CAN,,214,,6-4 6-2,3,R64,77,6,1,49,35,26,9,9,0,1,3,2,57,32,19,12,9,2,6,2026
2026-580Q,Australian Open,Hard,64,Q,O,20260112,9,S0IA,,,Dane Sweeny,R,170,AUS,,182,,PH64,,,Andrea Pellegrino,R,185,ITA,,138,,6-2 4-6 6-3,3,R64,126,5,6,87,56,37,16,14,4,8,8,4,89,56,32,14,13,8,14,2026
2026-580Q,Australian Open,Hard,64,Q,O,20260112,10,P0HW,,,Dino Prizmic,R,188,CRO,,127,,O660,,,Genaro Alberto Olivieri,R,175,ARG,,231,,6-1 6-4,3,R64,71,2,1,48,42,35,2,9,3,3,0,2,52,48,28,1,8,3,6,2026
2026-580Q,Australian Open,Hard,64,Q,O,20260112,16,F0F2,,,Jaime Faria,R,188,POR,,151,,M0N1,,,Luka Mikrut,R,188,CRO,,163,,7-6(2) 7-5,3,R64,115,6,4,66,39,31,16,12,0,2,3,2,88,54,33,19,12,5,8,2026
2026-580Q,Australian Open,Hard,64,Q,O,20260112,26,S0UV,,,Rei Sakamoto,R,193,JPN,,202,,E687,,,Daniel Evans,R,175,GBR,,187,,6-1 6-2,3,R64,65,6,0,38,28,22,7,7,0,0,1,4,52,25,13,11,8,2,7,2026
2026-580Q,Australian Open,Hard,64,Q,O,20260112,33,M0IF,,,Francesco Maestrelli,R,196,ITA,,141,,GA79,,,Lorenzo Giustino,R,180,ITA,,210,,7-6(4) 6-1,3,R64,80,10,0,53,50,40,3,10,0,1,2,1,61,57,35,1,9,6,9,2026
2026-580Q,Australian Open,Hard,64,Q,O,20260112,34,B0U4,,,Nicolai Budkov Kjaer,R,191,NOR,,135,,WB08,,,Yosuke Watanuki,R,180,JPN,,162,,6-7(5) 7-5 6-4 ,3,R64,160,9,2,127,102,65,12,17,10,13,13,7,107,64,47,17,17,2,7,2026
2026-580Q,Australian Open,Hard,64,Q,O,20260112,39,WB32,,,Yibing Wu,R,183,CHN,,168,,KC12,,,Mitchell Krueger,R,188,USA,,205,,7-5 6-4,3,R64,61,5,0,68,45,34,12,11,0,1,5,1,81,60,36,12,11,5,8,2026
2026-580Q,Australian Open,Hard,64,Q,O,20260112,47,J0DZ,,,Rafael Jodar,R,191,ESP,,150,,TC01,,,Li Tu,R,183,AUS,,394,,6-2 6-1,3,R64,61,4,0,42,32,23,5,7,2,3,1,4,55,40,17,4,8,5,11,2026
2026-580Q,Australian Open,Hard,64,Q,O,20260112,64,G0IX,,,Arthur Gea,R,180,FRA,,197,,KH56,,,Zdenek Kolar,R,183,CZE,,176,,6-2 6-3,3,R64,75,6,3,55,37,29,12,9,4,4,1,5,50,33,26,5,8,5,8,2026
2026-580Q,Australian Open,Hard,64,Q,O,20260112,67,B0NN,,,Nishesh Basavareddy,R,180,USA,,242,,O513,,,Sebastian Ofner,R,191,AUT,,131,,4-6 6-4 7-6(11),3,R32,151,9,6,108,65,47,25,16,3,4,12,7,114,78,56,17,16,4,5,2026
2026-580Q,Australian Open,Hard,64,Q,O,20260112,68,S0UV,,,Rei Sakamoto,R,193,JPN,,202,,S0ZE,,,Colton Smith,R,183,USA,,148,,6-4 6-4,3,R32,81,4,2,51,35,30,11,10,2,2,10,2,69,51,35,6,10,4,6,2026
2026-580Q,Australian Open,Hard,64,Q,O,20260112,71,S0IA,,,Dane Sweeny,R,170,AUS,,182,,K0EP,,,Jerome Kym,R,198,SUI,,186,,6-4 6-4,3,R32,97,4,4,75,49,37,11,10,9,9,15,4,71,45,33,10,10,5,7,2026
2026-580Q,Australian Open,Hard,64,Q,O,20260112,72,F0F2,,,Jaime Faria,R,188,POR,,151,,HG94,,,Benjamin Hassan,R,183,LBN,,259,,6-3 6-4,3,R32,59,4,2,53,40,34,8,10,5,5,7,2,58,36,24,10,9,4,6,2026
2026-580Q,Australian Open,Hard,64,Q,O,20260112,75,P0HW,,,Dino Prizmic,R,188,CRO,,127,,H0DU,,,Gustavo Heide,R,175,ARG,,238,,7-5 6-2,3,R32,112,1,2,62,35,29,12,10,4,5,3,6,79,43,26,16,10,6,10,2026
2026-580Q,Australian Open,Hard,64,Q,O,20260112,77,B0U4,,,Nicolai Budkov Kjaer,R,191,NOR,,135,,M0OQ,,,James McCabe,R,188,AUS,,173,,4-6 6-3 7-6(6),3,R32,157,9,2,99,65,48,20,16,1,3,9,0,100,69,51,15,15,8,10,2026
2026-580Q,Australian Open,Hard,64,Q,O,20260112,80,WB32,,,Yibing Wu,R,183,CHN,,168,,M0AW,,,Nicolas Mejia,R,183,COL,,169,,6-4 6-4,3,R32,104,3,1,61,37,24,15,10,4,6,1,2,62,42,29,5,10,2,6,2026
2026-580Q,Australian Open,Hard,64,Q,O,20260112,79,M0IF,,,Francesco Maestrelli,R,196,ITA,,141,,XS91,,,Thiago Seyboth Wild,R,185,BRA,,216,,7-6(2) 6-4,3,R32,96,5,2,67,40,34,15,11,3,4,3,1,61,41,29,13,11,0,2,2026
2026-580Q,Australian Open,Hard,64,Q,O,20260112,81,F0DM,,,Arthur Fery,R,175,GBR,,185,,TA46,,,Bernard Tomic,R,196,AUS,,184,,6-4 6-2,3,R32,68,5,0,53,34,23,15,9,0,1,4,1,54,35,19,8,9,4,8,2026
2026-580Q,Australian Open,Hard,64,Q,O,20260112,82,J0DZ,,,Rafael Jodar,R,191,ESP,,150,,R0E0,,,Chris Rodesch,R,198,LUX,,209,,7-6(10) 6-3,3,R32,99,1,2,78,73,49,2,11,4,6,2,3,69,62,38,4,10,1,4,2026
2026-580Q,Australian Open,Hard,64,Q,O,20260112,88,Z0BZ,,,Michael Zheng,R,188,USA,,174,,BS86,,,Tomas Barrios Vera,R,191,CHI,,107,,6-4 6-7(5) 6-2,3,R32,147,8,0,92,80,54,7,15,8,11,5,2,111,104,61,2,15,8,14,2026
2026-580Q,Australian Open,Hard,64,Q,O,20260112,93,G0IX,,,Arthur Gea,R,180,FRA,,197,,B0FV,,,Roman Andres Burruchaga,R,183,ARG,,103,,6-2 6-3,3,R32,79,3,3,68,60,42,2,9,6,6,2,3,46,36,21,4,8,0,3,2026
2026-580Q,Australian Open,Hard,64,Q,O,20260112,97,F0F2,,,Jaime Faria,R,188,POR,,151,,TA29,,,Marco Trungelliti,R,178,ARG,,130,,7-6(5) 6-3,3,R16,96,6,2,59,43,29,9,10,2,5,6,2,73,58,33,5,11,4,9,2026
2026-580Q,Australian Open,Hard,64,Q,O,20260112,98,S0IA,,,Dane Sweeny,R,170,AUS,,182,,TA12,,,Stefano Travaglia,R,185,ITA,,189,,7-6(5) 7-6(3),3,R16,129,4,2,82,64,42,13,12,2,4,14,5,102,71,45,15,12,11,13,2026
2026-580Q,Australian Open,Hard,64,Q,O,20260112,100,B0NN,,,Nishesh Basavareddy,R,180,USA,,242,,L0CF,,,George Loffhagen,R,188,GBR,,211,,5-7 6-4 6-4,3,R16,176,7,8,117,57,42,34,16,14,15,10,3,102,61,45,21,16,5,7,2026
2026-580Q,Australian Open,Hard,64,Q,O,20260112,101,F0DM,,,Arthur Fery,R,175,GBR,,185,,P0HW,,,Dino Prizmic,R,188,CRO,,127,,6-4 6-1,3,R16,90,2,0,53,35,26,11,8,4,4,2,3,61,34,18,14,9,3,7,2026
2026-580Q,Australian Open,Hard,64,Q,O,20260112,102,B0U4,,,Nicolai Budkov Kjaer,R,191,NOR,,135,,H996,,,Pierre-Hugues Herbert,R,188,FRA,,157,,6-2 6-3,3,R16,61,5,1,47,33,28,9,9,2,2,9,3,48,30,21,7,8,3,6,2026
2026-580Q,Australian Open,Hard,64,Q,O,20260112,103,WB32,,,Yibing Wu,R,183,CHN,,168,,B0EJ,,,Tristan Boyer,R,188,USA,,181,,6-3 6-2,3,R16,72,5,1,55,33,24,12,9,6,7,2,0,51,34,18,8,8,0,4,2026
2026-580Q,Australian Open,Hard,64,Q,O,20260112,104,J0DZ,,,Rafael Jodar,R,191,ESP,,150,,V0DZ,,,Luca Van Assche,R,178,FRA,,165,,6-3 0-6 6-1,3,R16,113,7,2,76,54,34,7,11,3,7,2,4,79,56,33,10,11,6,11,2026
2026-580Q,Australian Open,Hard,64,Q,O,20260112,106,M0IF,,,Francesco Maestrelli,R,196,ITA,,141,,L987,,,Dusan Lajovic,R,183,SRB,,125,,4-6 6-4 6-3,3,R16,137,9,2,101,65,48,19,15,8,9,9,3,101,70,49,14,14,8,10,2026
2026-580Q,Australian Open,Hard,64,Q,O,20260112,109,G0IX,,,Arthur Gea,R,180,FRA,,197,,V0DP,,,Adolfo Daniel Vallejo,R,183,PAR,,146,,6-2 6-2,3,R16,69,3,2,48,24,16,16,8,4,5,1,1,50,35,18,5,8,5,10,2026
2026-580Q,Australian Open,Hard,64,Q,O,20260112,110,Z0BZ,,,Michael Zheng,R,188,USA,,174,,KI63,,,Lukas Klein,R,193,SVK,,136,,4-6 6-3 7-6(10),3,R16,140,10,0,97,63,52,16,15,7,9,1,3,113,80,55,17,16,7,9,2026
2026-580,Australian Open,Hard,128,G,O,20260118,1,F0DM,,,Arthur Fery,R,175,GBR,23.521,186,316,C0E9,20,,Flavio Cobolli,R,183,ITA,23.704,22,1955,7-6(1) 6-4 6-1,5,R128,134,6,0,85,60,42,13,0,3,6,7,8,83,48,30,12,0,4,10,2026
2026-580,Australian Open,Hard,128,G,O,20260118,2,MW02,32,,Corentin Moutet,L,180,FRA,26.752,37,1383,S0N0,,,Tristan Schoolkate,R,183,AUS,24.893,98,641,6-4 7-6(1) 6-3,5,R128,157,6,4,104,61,45,25,0,6,8,8,4,95,56,38,16,0,4,8,2026
2026-580,Australian Open,Hard,128,G,O,20260118,3,EA24,,,Tomas Martin Etcheverry,R,196,ARG,26.505,62,895,KI95,,,Miomir Kecmanovic,R,183,SRB,26.385,60,910,6-2 3-6 4-6 6-3 6-4,5,R128,237,20,5,120,76,66,26,0,4,6,8,4,164,104,73,29,0,13,17,2026
2026-580,Australian Open,Hard,128,G,O,20260118,4,C0AU,18,,Francisco Cerundolo,R,185,ARG,27.433,21,2035,Z371,,,Zhizhen Zhang,R,193,CHN,29.257,368,130,6-3 7-6(0) 6-3,5,R128,128,7,2,86,56,45,19,0,0,2,8,1,99,66,42,14,0,6,10,2026
2026-580,Australian Open,Hard,128,G,O,20260118,5,Z355,3,,Alexander Zverev,R,198,GER,28.747,3,5105,D0F6,,,Gabriel Diallo,R,203,CAN,24.318,41,1215,6-7(1) 6-1 6-4 6-2,5,R128,165,15,1,98,73,61,14,0,1,2,10,5,112,81,57,12,0,2,8,2026
2026-580,Australian Open,Hard,128,G,O,20260118,6,C0DF,,,Francisco Comesana,R,178,ARG,25.284,68,829,K0A3,,,Patrick Kypson,R,188,USA,26.226,116,527,6-2 6-3 3-6 6-3,5,R128,168,20,5,103,98,72,0,0,1,2,12,7,118,111,68,0,0,6,10,2026
2026-580,Australian Open,Hard,128,G,O,20260118,7,D923,,,Damir Dzumhur,R,175,BIH,33.665,66,837,D0DP,,,Liam Draxl,R,185,CAN,24.12,145,429,7-5 6-0 6-4,5,R128,133,6,3,91,76,52,9,0,6,8,5,4,98,70,41,9,0,5,12,2026
2026-580,Australian Open,Hard,128,G,O,20260118,8,N0AM,,,Emilio Nava,R,185,USA,24.129,89,683,J0AZ,,,Kyrian Jacquet,R,175,FRA,24.69,128,477,6-2 7-5 6-7(5) 4-6 7-6(6),5,R128,215,27,6,159,110,87,28,0,5,8,19,6,179,103,79,40,0,6,11,2026
2026-580,Australian Open,Hard,128,G,O,20260118,9,TD51,29,,Frances Tiafoe,R,188,USA,27.995,34,1500,KB95,,,Jason Kubler,R,178,AUS,32.668,194,305,7-6(4) 6-3 6-2,5,R128,136,23,5,108,64,50,22,0,5,6,9,3,81,59,41,10,0,2,6,2026
2026-580,Australian Open,Hard,128,G,O,20260118,10,F0F2,,,Jaime Faria,R,188,POR,22.453,151,413,B0PG,,,Alexander Blockx,R,193,BEL,20.78,96,653,6-3 3-6 6-3 6-4,5,R128,145,5,2,114,64,46,30,0,3,5,8,2,100,56,44,23,0,4,8,2026
2026-580,Australian Open,Hard,128,G,O,20260118,11,F724,,,Marton Fucsovics,R,188,HUN,33.944,54,967,U182,,,Camilo Ugo Carabelli,R,185,ARG,26.59,49,1028,7-6(5) 6-1 6-2,5,R128,146,1,5,92,54,37,20,0,2,5,1,4,95,61,31,15,0,5,12,2026
2026-580,Australian Open,Hard,128,G,O,20260118,12,Z0BZ,,,Michael Zheng,R,188,USA,21.977,174,337,K0AH,,,Sebastian Korda,R,196,USA,25.539,53,975,6-4 6-4 3-6 6-7(0) 6-3,5,R128,224,4,0,174,115,79,34,0,6,7,22,5,142,89,71,31,0,4,8,2026
2026-580,Australian Open,Hard,128,G,O,20260118,13,BK92,10,,Alexander Bublik,R,196,KAZ,28.589,10,3065,B0CD,,,Jenson Brooksby,R,193,USA,25.229,48,1042,6-4 6-4 6-4,5,R128,127,13,4,94,69,51,12,0,7,8,4,1,97,61,38,20,0,7,11,2026
2026-580,Australian Open,Hard,128,G,O,20260118,14,H997,,,Yannick Hanfmann,R,193,GER,34.182,102,611,S0K7,,,Zachary Svajda,R,175,USA,23.138,143,431,7-5 4-6 6-4 7-6(3),5,R128,172,19,2,125,75,58,29,0,4,8,11,8,143,102,69,18,0,4,9,2026
2026-580,Australian Open,Hard,128,G,O,20260118,15,N771,26,,Cameron Norrie,L,188,GBR,30.407,27,1553,BM95,,,Benjamin Bonzi,R,183,FRA,29.61,106,566,6-0 6-7(2) 4-6 6-3 6-4,5,R128,223,16,3,170,111,73,37,0,16,18,9,4,136,86,55,32,0,7,13,2026
2026-580,Australian Open,Hard,128,G,O,20260118,16,A0E2,1,,Carlos Alcaraz,R,183,ESP,22.705,1,12050,W09E,,,Adam Walton,R,183,AUS,26.755,79,727,6-3 7-6 6-2,5,R128,126,8,1,83,56,43,18,15,0,1,4,4,87,62,39,11,13,5,8,2026
2026-580,Australian Open,Hard,128,G,O,20260118,17,HB64,,,Quentin Halys,R,191,FRA,29.232,83,725,TE30,,,Alejandro Tabilo,L,188,CHI,28.632,79,737,6-2 6-2 7-6(2),5,R128,116,12,1,79,44,37,25,0,1,1,7,1,91,55,31,20,0,3,7,2026
2026-580,Australian Open,Hard,128,G,O,20260118,18,BT72,,,Nuno Borges,R,185,POR,28.914,46,1070,AG37,7,,Felix Auger-Aliassime,R,193,CAN,25.448,8,3990,3-6 6-4 6-4,3,R128,,6,1,84,55,40,17,0,2,5,8,1,79,50,33,19,0,3,6,2026
2026-580,Australian Open,Hard,128,G,O,20260118,19,MM58,11,,Daniil Medvedev,R,198,RUS,29.938,12,2910,D0C1,,,Jesper de Jong,R,180,NED,25.637,73,763,7-5 6-2 7-6(2),5,R128,175,9,5,111,77,58,11,0,6,10,3,1,117,60,39,22,0,6,13,2026
2026-580,Australian Open,Hard,128,G,O,20260118,20,PL56,19,,Tommy Paul,R,185,USA,28.676,20,2050,K0AZ,,,Aleksandar Kovacevic,R,183,USA,27.392,56,964,6-4 6-3 6-3,5,R128,94,20,0,67,44,40,16,0,0,0,10,5,77,47,34,13,0,2,6,2026
2026-580,Australian Open,Hard,128,G,O,20260118,21,M0JF,,,Hamad Medjedovic,R,188,SRB,22.508,90,681,N0BS,,,Mariano Navone,R,178,ARG,24.893,74,760,6-2 6-7(3) 6-4 6-2,5,R128,184,15,5,124,89,62,22,0,6,7,5,5,131,98,55,19,0,11,17,2026
2026-580,Australian Open,Hard,128,G,O,20260118,22,O522,,,Reilly Opelka,R,211,USA,28.394,63,873,B0U4,,,Nicolai Budkov Kjaer,R,191,NOR,19.384,135,446,6-4 6-3 6-4,5,R128,93,23,4,71,54,51,10,0,2,2,3,3,80,57,39,11,0,1,4,2026
2026-580,Australian Open,Hard,128,G,O,20260118,23,S0H2,,,Alexander Shevchenko,R,188,KAZ,25.139,97,650,Y218,,,Elias Ymer,R,185,SWE,29.777,175,337,3-6 7-5 6-4 6-1,5,R128,197,9,5,147,142,90,0,0,9,11,1,4,123,119,72,0,0,6,11,2026
2026-580,Australian Open,Hard,128,G,O,20260118,24,DH58,6,,Alex de Minaur,R,183,AUS,26.921,6,4080,MK66,,,Mackenzie McDonald,R,178,USA,30.762,113,546,6-2 6-2 6-3,5,R128,109,9,4,66,34,29,21,0,1,1,7,2,91,55,32,16,0,5,11,2026
2026-580,Australian Open,Hard,128,G,O,20260118,25,RE44,13,,Andrey Rublev,R,188,RUS,28.249,15,2600,A0FC,,,Matteo Arnaldi,R,185,ITA,24.906,65,858,6-4 6-2 6-3,5,R128,114,8,2,80,55,40,18,0,6,6,4,4,77,42,27,20,0,6,11,2026
2026-580,Australian Open,Hard,128,G,O,20260118,26,DH50,14,,Alejandro Davidovich Fokina,R,180,ESP,26.626,14,2635,M0JZ,,,Filip Misolic,R,180,AUT,24.449,84,725,6-2 6-3 6-3,5,R128,103,10,3,84,56,42,17,0,4,4,6,3,83,45,30,14,0,6,11,2026
2026-580,Australian Open,Hard,128,G,O,20260118,27,M0CI,,,Fabian Marozsan,R,193,HUN,26.283,47,1065,RC91,24,,Arthur Rinderknech,R,196,FRA,30.494,28,1551,6-3 6-4 6-7(2) 6-4,5,R128,179,9,2,114,83,66,20,0,0,0,18,2,139,90,58,32,0,8,11,2026
2026-580,Australian Open,Hard,128,G,O,20260118,28,T0HA,25,,Learner Tien,L,180,USA,20.131,29,1540,GC88,,,Marcos Giron,R,180,USA,32.49,51,985,7-6(2) 4-6 3-6 7-6(3) 6-2,5,R128,223,21,10,165,103,70,33,0,12,18,14,3,176,114,74,29,0,7,13,2026
2026-580,Australian Open,Hard,128,G,O,20260118,29,C977,,,Marin Cilic,R,198,CRO,37.309,70,790,AE14,,,Daniel Altmaier,R,188,GER,27.354,44,1123,6-0 6-0 7-6(3),5,R128,121,20,3,72,53,44,11,0,1,1,8,4,81,60,35,7,0,6,12,2026
2026-580,Australian Open,Hard,128,G,O,20260118,30,S0RE,,,Juncheng Shang,L,180,CHN,20.961,318,165,BD06,,,Roberto Bautista Agut,R,183,ESP,37.766,91,670,6-4 6-7(2) 6-4 6-0,5,R128,176,11,6,113,76,62,19,0,3,4,11,1,107,76,48,18,0,5,11,2026
2026-580,Australian Open,Hard,128,G,O,20260118,31,TC61,,,Jordan Thompson,R,183,AUS,31.751,111,548,C0C8,,,Juan Manuel Cerundolo,L,183,ARG,24.178,87,700,6-7(3) 7-5 6-1 6-1,5,R128,197,10,1,115,67,51,34,0,5,5,5,6,125,60,40,35,0,4,10,2026
2026-580,Australian Open,Hard,128,G,O,20260118,32,T0A1,,,Thiago Agustin Tirante,R,185,ARG,24.778,103,605,V832,,,Aleksandar Vukic,R,188,AUS,29.788,78,746,7-5 6-2 6-2,5,R128,111,20,2,71,44,36,21,0,0,0,8,2,87,49,32,16,0,3,8,2026
2026-580,Australian Open,Hard,128,G,O,20260118,33,SU55,21,,Denis Shapovalov,L,185,CAN,26.765,23,1650,Y09V,,,Yunchaokete Bu,R,185,CHN,24,120,499,6-3 7-6(3) 6-1,5,R128,137,19,0,83,56,49,20,0,1,1,1,1,96,59,37,21,0,5,8,2026
2026-580,Australian Open,Hard,128,G,O,20260118,34,V812,,,Botic van de Zandschulp,R,191,NED,30.294,75,759,N0AE,27,,Brandon Nakashima,R,188,USA,24.463,30,1535,6-3 4-6 7-6(1) 7-6(3),5,R128,210,15,7,143,120,91,8,0,5,6,10,3,126,105,73,15,0,1,3,2026
2026-580,Australian Open,Hard,128,G,O,20260118,35,H0BH,,,Rinky Hijikata,R,178,AUS,24.903,114,542,ME82,,,Adrian Mannarino,L,180,FRA,37.558,69,810,6-3 6-3 6-1,5,R128,119,4,3,92,87,59,1,0,6,7,7,3,76,70,37,0,0,5,11,2026
2026-580,Australian Open,Hard,128,G,O,20260118,36,M0IF,,,Francesco Maestrelli,R,196,ITA,23.08,141,436,A0GC,,,Terence Atmane,L,193,FRA,24.027,64,862,6-4 3-6 6-7(4) 6-1 6-1,5,R128,208,28,8,134,80,65,31,0,2,3,14,4,145,81,61,33,0,10,16,2026
2026-580,Australian Open,Hard,128,G,O,20260118,37,MQ75,,,Kamil Majchrzak,R,183,POL,30.018,59,918,F0BY,,,Jacob Fearnley,R,183,GBR,24.515,77,752,7-6(2) 7-5 3-6 7-6(3),5,R128,208,5,1,155,102,63,35,0,9,14,12,10,143,97,63,25,0,4,8,2026
2026-580,Australian Open,Hard,128,G,O,20260118,38,W367,,,Stan Wawrinka,R,183,SUI,40.813,139,437,DB63,,,Laslo Djere,R,188,SRB,30.634,92,659,5-7 6-3 6-4 7-6(4),5,R128,203,14,2,116,79,66,21,0,2,4,9,5,150,98,71,23,0,15,18,2026
2026-580,Australian Open,Hard,128,G,O,20260118,39,D643,4,,Novak Djokovic,R,188,SRB,38.664,4,4780,MO44,,,Pedro Martinez,R,185,ESP,28.734,71,768,6-3 6-2 6-2,5,R128,120,14,0,57,44,41,11,0,0,0,2,6,98,70,42,10,0,7,12,2026
2026-580,Australian Open,Hard,128,G,O,20260118,40,RH16,12,,Casper Ruud,R,183,NOR,27.077,13,2795,B0GG,,,Mattia Bellucci,L,175,ITA,24.635,76,758,6-1 6-2 6-4,5,R128,102,10,2,76,53,41,15,0,1,1,8,3,73,50,32,8,0,9,14,2026
2026-580,Australian Open,Hard,128,G,O,20260118,41,G0IX,,,Arthur Gea,R,180,FRA,21.046,198,300,L0BV,17,,Jiri Lehecka,R,185,CZE,24.197,19,2090,7-5 7-6(1) 7-5,5,R128,165,7,4,108,73,52,21,0,3,6,8,1,118,74,51,19,0,10,15,2026
2026-580,Australian Open,Hard,128,G,O,20260118,42,VA25,30,,Valentin Vacherot,R,193,MON,27.176,31,1519,D0DT,,,Martin Damm,L,203,USA,,177,333,6-4 6-4 6-4,5,R128,117,18,2,92,62,52,16,0,5,5,16,4,84,55,41,13,0,0,3,2026
2026-580,Australian Open,Hard,128,G,O,20260118,43,MU94,,,Jaume Munar,R,183,ESP,28.709,39,1335,S0GD,,,Dalibor Svrcina,R,178,CZE,23.299,95,655,3-6 6-2 6-7(5) 7-5 6-3,5,R128,270,18,6,163,108,79,27,0,5,10,6,10,164,101,67,31,0,11,18,2026
2026-580,Australian Open,Hard,128,G,O,20260118,43,MP20,,,Alexandre Muller,R,183,FRA,28.964,52,980,P09Z,,,Alexei Popyrin,R,196,AUS,26.459,50,1000,2-6 6-3 3-6 7-6(5) 7-6(4),5,R128,,5,4,154,111,78,23,0,5,10,40,0,155,100,75,33,0,7,10,2026
2026-580,Australian Open,Hard,128,G,O,20260118,45,M0EJ,5,,Lorenzo Musetti,R,185,ITA,23.885,5,4105,C0JP,,,Raphael Collignon,R,191,BEL,24.019,72,767,4-6 7-6(3) 7-5 3-2 RET,5,R128,187,10,3,120,81,55,24,0,11,15,11,6,129,70,49,28,0,5,10,2026
2026-580,Australian Open,Hard,128,G,O,20260118,46,S0S1,8,,Ben Shelton,L,193,USA,23.283,7,4000,HH26,,,Ugo Humbert,L,188,FRA,27.57,33,1510,6-3 7-6(2) 7-6(5),5,R128,160,15,2,103,72,56,20,0,1,3,5,6,107,64,47,21,0,7,10,2026
2026-580,Australian Open,Hard,128,G,O,20260118,47,KE29,15,,Karen Khachanov,R,198,RUS,29.667,18,2320,M0QI,,,Alex Michelsen,R,193,USA,21.405,38,1350,4-6 6-4 6-3 5-7 6-3,5,R128,237,24,4,176,112,86,31,0,11,13,16,4,142,94,72,25,0,11,15,2026
2026-580,Australian Open,Hard,128,G,O,20260118,48,M0NI,16,,Jakub Mensik,R,196,CZE,20.386,17,2345,CD85,,,Pablo Carreno Busta,R,188,ESP,34.527,94,656,7-5 4-6 2-6 7-6(1) 6-3,5,R128,253,27,19,185,105,79,31,0,12,18,1,6,161,109,75,23,0,6,12,2026
2026-580,Australian Open,Hard,128,G,O,20260118,49,D0FJ,22,,Luciano Darderi,R,183,ITA,23.932,25,1599,GD64,,,Cristian Garin,R,185,CHI,29.643,82,726,7-6(5) 7-5 7-6(3),5,R128,176,15,2,101,63,50,25,0,2,4,12,6,132,78,54,27,0,8,11,2026
2026-580,Australian Open,Hard,128,G,O,20260118,50,Q02L,,,Ethan Quinn,R,191,USA,21.859,80,733,GJ37,23,,Tallon Griekspoor,R,188,NED,29.552,26,1565,6-2 6-3 6-2,5,R128,98,5,2,59,39,29,16,0,0,2,6,8,80,51,28,12,0,8,15,2026
2026-580,Australian Open,Hard,128,G,O,20260118,51,S0JA,,,Eliot Spizzirri,R,185,USA,24.077,85,725,F0FV,28,,Joao Fonseca,R,188,BRA,19.417,32,1510,6-4 2-6 6-1 6-2,5,R128,161,14,2,97,65,53,16,0,7,9,10,5,102,63,42,19,0,8,13,2026
2026-580,Australian Open,Hard,128,G,O,20260118,52,B0BI,,,Sebastian Baez,R,170,ARG,25.062,36,1390,M0GZ,,,Giovanni Mpetshi Perricard,R,203,FRA,22.538,61,905,6-4 6-4 3-6 5-7 6-3,5,R128,195,10,2,154,120,87,18,0,10,13,30,5,150,107,78,23,0,6,10,2026
2026-580,Australian Open,Hard,128,G,O,20260118,53,B0NN,,,Nishesh Basavareddy,R,180,USA,20.72,242,230,O483,,,Christopher O'Connell,R,183,AUS,31.633,118,521,4-6 7-6(7) 6-7(3) 6-2 6-3,5,R128,251,17,5,148,85,64,40,0,1,4,25,3,176,108,80,31,0,8,13,2026
2026-580,Australian Open,Hard,128,G,O,20260118,54,SU87,,,Lorenzo Sonego,R,191,ITA,30.697,40,1240,TE16,,,Carlos Taberner,R,183,ESP,28.452,99,630,6-4 6-0 6-3,5,R128,106,13,2,62,46,37,8,0,0,1,1,11,77,51,28,9,0,5,12,2026
2026-580,Australian Open,Hard,128,G,O,20260118,55,WB32,,,Yibing Wu,R,183,CHN,26.27,168,347,N0BG,,,Luca Nardi,R,185,ITA,22.459,108,561,7-5 4-6 6-4 6-2,5,R128,,7,3,132,75,52,32,0,15,19,7,6,117,66,42,27,0,6,13,2026
2026-580,Australian Open,Hard,128,G,O,20260118,56,S0IA,,,Dane Sweeny,R,170,AUS,24.936,182,325,MC65,,,Gael Monfils,R,193,FRA,39.387,110,550,6-7(3) 7-5 6-4 7-5,5,R128,,2,3,148,104,74,25,0,9,11,14,6,164,112,79,24,0,14,19,2026
2026-580,Australian Open,Hard,128,G,O,20260118,57,J0DZ,,,Rafael Jodar,R,191,ESP,19.343,150,418,S0UV,,,Rei Sakamoto,R,193,JPN,19.576,203,292,7-6(6) 6-1 5-7 4-6 6-3,5,R128,234,4,1,160,99,70,39,0,6,9,6,4,173,112,76,34,0,10,15,2026
2026-580,Australian Open,Hard,128,G,O,20260118,58,S0AG,2,,Jannik Sinner,R,191,ITA,24.43,2,11500,G09O,,,Hugo Gaston,L,173,FRA,25.317,93,656,6-2 6-1 RET,5,R128,71,6,0,45,29,25,8,0,3,3,0,0,47,23,14,8,0,3,7,2026
2026-580,Australian Open,Hard,128,G,O,20260118,59,FB98,9,,Taylor Fritz,R,196,USA,28.23,9,3840,R0EB,,,Valentin Royer,R,188,FRA,24.646,58,924,7-6(5) 5-7 6-1 6-3,5,R128,182,24,3,110,76,62,18,0,4,7,19,6,150,89,62,25,0,15,21,2026
2026-580,Australian Open,Hard,128,G,O,20260118,60,HB71,,,Hubert Hurkacz,R,196,POL,28.939,55,965,BU13,,,Zizou Bergs,R,185,BEL,26.634,43,1170,6-7(6) 7-6(6) 6-3 6-3,5,R128,204,18,2,140,110,87,15,0,6,6,15,6,147,106,75,23,0,8,11,2026
2026-580,Australian Open,Hard,128,G,O,20260118,61,KI82,,,Vit Kopriva,R,178,CZE,28.6,101,626,SL28,,,Jan-Lennard Struff,R,193,GER,35.74,86,706,4-6 6-2 2-6 6-3 6-1,5,R128,190,19,5,169,110,78,24,0,16,20,16,10,121,78,51,18,0,5,12,2026
2026-580,Australian Open,Hard,128,G,O,20260118,62,M0FH,,,Tomas Machac,R,183,CZE,25.27,24,1610,D875,,,Grigor Dimitrov,R,191,BUL,34.683,45,1105,6-4 6-4 6-3,5,R128,107,21,1,82,58,45,15,0,4,4,11,4,97,78,48,8,0,6,10,2026
2026-580,Australian Open,Hard,128,G,O,20260118,63,TE51,31,,Stefanos Tsitsipas,R,193,GRE,27.441,35,1455,M0HU,,,Shintaro Mochizuki,R,175,JPN,22.637,112,547,4-6 6-3 6-2 6-2,5,R128,180,16,6,105,72,57,16,0,7,8,3,6,136,79,50,26,0,15,20,2026
2026-580,Australian Open,Hard,128,G,O,20260118,64,D994,,,James Duckworth,R,183,AUS,33.999,88,694,P0HW,,,Dino Prizmic,R,188,CRO,20.46,127,481,7-6(4) 3-6 1-6 7-5 6-3,5,R128,262,16,5,179,119,80,30,0,14,20,9,12,174,108,76,35,0,14,18,2026
2026-580,Australian Open,Hard,128,G,O,20260118,65,C0AU,18,,Francisco Cerundolo,R,185,ARG,27.441,21,2035,D923,,,Damir Dzumhur,R,175,BIH,33.673,66,837,6-3 6-2 6-1,5,R64,98,10,1,66,36,29,20,0,2,3,3,1,78,50,29,12,0,5,12,2026
2026-580,Australian Open,Hard,128,G,O,20260118,66,PL56,19,,Tommy Paul,R,185,USA,28.682,20,2050,T0A1,,,Thiago Agustin Tirante,R,185,ARG,24.783,103,605,6-3 6-4 6-2,5,R64,124,4,1,82,47,37,23,0,4,4,12,3,85,48,36,11,0,6,10,2026
2026-580,Australian Open,Hard,128,G,O,20260118,67,RE44,13,,Andrey Rublev,R,188,RUS,28.255,15,2600,F0F2,,,Jaime Faria,R,188,POR,22.461,151,413,6-4 6-3 4-6 7-5,5,R64,172,6,3,125,88,67,20,0,10,12,10,5,120,77,53,22,0,4,9,2026
2026-580,Australian Open,Hard,128,G,O,20260118,68,M0CI,,,Fabian Marozsan,R,193,HUN,26.289,47,1065,MQ75,,,Kamil Majchrzak,R,183,POL,30.023,59,918,6-3 6-4 7-6(5),5,R64,144,5,2,113,83,52,16,0,8,12,3,4,119,80,45,14,0,8,14,2026
2026-580,Australian Open,Hard,128,G,O,20260118,69,MM58,11,,Daniil Medvedev,R,198,RUS,29.944,12,2910,HB64,,,Quentin Halys,R,191,FRA,29.238,83,725,6-7(9) 6-3 6-4 6-2,5,R64,184,13,4,145,98,72,26,0,10,12,6,6,115,75,54,16,0,4,10,2026
2026-580,Australian Open,Hard,128,G,O,20260118,70,EA24,,,Tomas Martin Etcheverry,R,196,ARG,26.513,62,895,F0DM,,,Arthur Fery,R,175,GBR,23.529,186,316,7-6(4) 6-1 6-3,5,R64,165,11,1,102,70,47,23,0,9,10,5,1,92,66,40,14,0,6,11,2026
2026-580,Australian Open,Hard,128,G,O,20260118,71,A0E2,,,Carlos Alcaraz,R,183,ESP,22.714,1,12050,H997,,,Yannick Hanfmann,R,193,GER,34.19,102,611,7-6(4) 6-4 6-3,5,R64,166,11,3,106,70,49,22,13,6,7,7,4,100,63,43,17,10,5,9,2026
2026-580,Australian Open,Hard,128,G,O,20260118,72,BK92,10,,Alexander Bublik,R,196,KAZ,28.597,10,3065,F724,,,Marton Fucsovics,R,188,HUN,33.952,54,967,7-5 6-4 7-5,5,R64,134,12,4,90,63,48,14,0,0,2,6,6,119,72,44,26,0,8,13,2026
2026-580,Australian Open,Hard,128,G,O,20260118,73,DH50,14,,Alejandro Davidovich Fokina,R,180,ESP,26.631,14,2635,O522,,,Reilly Opelka,R,211,USA,28.4,63,873,6-3 7-6(3) 5-7 4-6 6-4,5,R64,230,12,1,165,129,98,20,0,9,11,37,12,161,108,81,30,0,9,11,2026
2026-580,Australian Open,Hard,128,G,O,20260118,74,T0HA,25,,Learner Tien,L,180,USA,20.137,29,1540,S0H2,,,Alexander Shevchenko,R,188,KAZ,25.144,97,650,6-2 5-7 6-1 6-0,5,R64,124,9,2,92,55,45,19,0,2,4,4,1,94,59,31,17,0,4,13,2026
2026-580,Australian Open,Hard,128,G,O,20260118,75,MW02,32,,Corentin Moutet,L,180,FRA,26.76,37,1383,Z0BZ,,,Michael Zheng,R,188,USA,21.985,174,337,3-6 6-1 6-3 2-0 RET,5,R64,121,10,5,76,46,33,16,0,4,7,3,1,84,62,37,6,0,0,7,2026
2026-580,Australian Open,Hard,128,G,O,20260118,76,BT72,,,Nuno Borges,R,185,POR,28.92,46,1070,TC61,,,Jordan Thompson,R,183,AUS,31.756,111,548,6-7(9) 6-3 6-2 6-4,5,R64,186,10,4,130,89,64,24,0,5,7,12,1,121,70,46,26,0,1,7,2026
2026-580,Australian Open,Hard,128,G,O,20260118,77,Z355,3,,Alexander Zverev,R,198,GER,28.756,3,5105,MP20,,,Alexandre Muller,R,183,FRA,28.969,52,980,6-3 4-6 6-3 6-4,5,R64,183,18,1,108,74,53,21,0,5,8,4,2,125,86,55,18,0,10,16,2026
2026-580,Australian Open,Hard,128,G,O,20260118,78,DH58,6,,Alex de Minaur,R,183,AUS,26.927,6,4080,M0JF,,,Hamad Medjedovic,R,188,SRB,22.513,90,681,6-7(5) 6-2 6-2 6-1,5,R64,184,12,4,110,77,59,20,0,2,3,19,11,137,88,57,19,0,14,21,2026
2026-580,Australian Open,Hard,128,G,O,20260118,79,N771,26,,Cameron Norrie,L,188,GBR,30.415,27,1553,N0AM,,,Emilio Nava,R,185,USA,24.137,89,683,6-1 7-6(3) 4-6 7-6(5),5,R64,200,5,2,144,112,79,19,0,7,10,19,5,148,105,69,22,0,15,19,2026
2026-580,Australian Open,Hard,128,G,O,20260118,80,TD51,29,,Frances Tiafoe,R,188,USA,28.003,34,1500,C0DF,,,Francisco Comesana,R,178,ARG,25.292,68,829,6-4 6-3 4-6 6-2,5,R64,185,7,1,108,61,52,25,0,4,5,15,5,124,84,57,17,0,12,17,2026
2026-580,Australian Open,Hard,128,G,O,20260118,81,KE29,15,,Karen Khachanov,R,198,RUS,29.673,18,2320,B0NN,,,Nishesh Basavareddy,R,180,USA,20.726,242,230,6-1 6-4 6-3,5,R64,118,15,1,70,53,43,12,0,4,4,10,3,93,45,32,17,0,7,12,2026
2026-580,Australian Open,Hard,128,G,O,20260118,81,FB98,,,Taylor Fritz,R,196,USA,,9,,KI82,,,Vit Kopriva,R,178,CZE,,101,,6-1 6-4 7-6(4),3,R64,117,15,1,90,70,54,13,15,2,3,3,2,91,53,30,22,14,3,7,2026
2026-580,Australian Open,Hard,128,G,O,20260118,82,M0NI,16,,Jakub Mensik,R,196,CZE,20.392,17,2345,J0DZ,,,Rafael Jodar,R,191,ESP,19.348,150,418,6-2 6-4 6-4,5,R64,120,9,2,90,55,44,15,0,4,6,3,1,85,52,31,16,0,5,11,2026
2026-580,Australian Open,Hard,128,G,O,20260118,83,D643,4,,Novak Djokovic,R,188,SRB,38.672,4,4780,M0IF,Q,,Francesco Maestrelli,R,196,ITA,23.088,141,436,6-3 6-2 6-2,5,R64,136,5,4,78,52,45,9,0,4,5,10,4,93,56,30,15,0,10,16,2026
2026-580,Australian Open,Hard,128,G,O,20260118,84,M0EJ,5,,Lorenzo Musetti,R,185,ITA,23.89,5,4105,SU87,,,Lorenzo Sonego,R,191,ITA,30.702,40,1240,6-3 6-3 6-4,5,R64,169,2,2,87,58,40,17,0,4,6,5,6,116,77,47,13,0,17,23,2026
2026-580,Australian Open,Hard,128,G,O,20260118,85,S0S1,8,,Ben Shelton,L,193,USA,23.288,7,4000,S0IA,,,Dane Sweeny,R,170,AUS,24.942,182,325,6-3 6-2 6-2,5,R64,104,19,2,64,44,39,14,0,0,0,0,5,80,58,36,8,0,7,12,2026
2026-580,Australian Open,Hard,128,G,O,20260118,86,D0FJ,22,,Luciano Darderi,R,183,ITA,23.937,25,1599,B0BI,,,Sebastian Baez,R,170,ARG,25.068,36,1390,6-3 1-6 6-4 6-3,5,R64,149,10,1,104,67,41,21,0,5,10,4,3,106,82,49,11,0,8,14,2026
2026-580,Australian Open,Hard,128,G,O,20260118,87,VA25,30,,Valentin Vacherot,R,193,MON,27.184,31,1519,H0BH,,,Rinky Hijikata,R,178,AUS,24.912,114,542,6-1 6-3 4-6 6-2,5,R64,151,15,4,99,70,56,16,0,4,5,5,5,109,87,55,8,0,5,11,2026
2026-580,Australian Open,Hard,128,G,O,20260118,88,Q02L,,,Ethan Quinn,R,191,USA,21.864,80,733,HB71,,,Hubert Hurkacz,R,196,POL,28.945,55,965,6-4 7-6(5) 6-1,5,R64,136,12,2,108,72,56,21,0,8,8,9,1,95,62,40,18,0,4,7,2026
2026-580,Australian Open,Hard,128,G,O,20260118,90,S0JA,,,Eliot Spizzirri,R,185,USA,24.082,85,725,WB32,,,Yibing Wu,R,183,CHN,26.275,168,347,6-2 6-4 6-7(4) 4-6 6-3,5,R64,225,8,4,170,121,83,26,0,11,14,11,6,164,111,77,22,0,9,15,2026
2026-580,Australian Open,Hard,128,G,O,20260118,91,V812,,,Botic van de Zandschulp,R,191,NED,30.303,75,759,S0RE,,,Juncheng Shang,L,180,CHN,20.969,318,165,7-6(6) 6-2 6-3,5,R64,136,15,6,94,64,56,13,0,1,1,2,3,101,68,46,16,0,9,13,2026
2026-580,Australian Open,Hard,128,G,O,20260118,92,C977,,,Marin Cilic,R,198,CRO,37.317,70,790,SU55,21,,Denis Shapovalov,L,185,CAN,26.773,23,1650,6-4 6-3 6-2,5,R64,130,5,5,91,54,43,17,0,4,6,3,7,82,47,29,12,0,6,12,2026
2026-580,Australian Open,Hard,128,G,O,20260118,93,S0AG,2,,Jannik Sinner,R,191,ITA,24.435,2,11500,D994,,,James Duckworth,R,183,AUS,34.004,88,694,6-1 6-4 6-2,5,R64,,18,2,77,53,45,13,0,3,3,9,4,79,50,35,8,0,9,14,2026
2026-580,Australian Open,Hard,128,G,O,20260118,94,M0FH,,,Tomas Machac,R,183,CZE,25.276,24,1610,TE51,31,,Stefanos Tsitsipas,R,193,GRE,27.447,35,1455,6-4 3-6 7-6(5) 7-6(5),5,R64,187,6,6,139,97,67,28,0,7,10,24,8,135,83,65,26,0,0,3,2026
2026-580,Australian Open,Hard,128,G,O,20260118,95,W367,,,Stan Wawrinka,R,183,SUI,40.821,139,437,G0IX,,,Arthur Gea,R,180,FRA,21.054,198,300,4-6 6-3 3-6 7-5 7-6(3),5,R64,274,11,3,177,139,92,23,0,10,14,13,7,170,121,83,23,0,9,13,2026
2026-580,Australian Open,Hard,128,G,O,20260118,96,RH16,12,,Casper Ruud,R,183,NOR,27.086,13,2795,MU94,,,Jaume Munar,R,183,ESP,28.717,39,1335,6-3 7-5 6-4,5,R64,144,5,3,97,56,45,24,0,2,2,5,4,89,42,29,29,0,7,10,2026
2026-580,Australian Open,Hard,128,G,O,20260118,97,T0HA,25,,Learner Tien,L,180,USA,20.142,29,1540,BT72,,,Nuno Borges,R,185,POR,28.925,46,1070,7-6(9) 6-4 6-2,5,R32,127,8,5,101,72,52,15,0,4,6,8,2,96,80,51,7,0,3,8,2026
2026-580,Australian Open,Hard,128,G,O,20260118,98,MM58,11,,Daniil Medvedev,R,198,RUS,29.949,12,2910,M0CI,,,Fabian Marozsan,R,193,HUN,26.294,47,1065,6-7(5) 4-6 7-5 6-0 6-3,5,R32,226,19,10,146,94,61,30,0,5,12,0,2,188,134,82,16,0,17,28,2026
2026-580,Australian Open,Hard,128,G,O,20260118,99,PL56,19,,Tommy Paul,R,185,USA,28.687,20,2050,DH50,14,,Alejandro Davidovich Fokina,R,180,ESP,26.637,14,2635,6-1 6-1 RET,5,R32,55,3,0,32,21,19,9,0,0,0,3,4,51,31,15,8,0,3,8,2026
2026-580,Australian Open,Hard,128,G,O,20260118,100,A0E2,1,,Carlos Alcaraz,R,183,ESP,22.721,1,12050,MW02,32,,Corentin Moutet,L,180,FRA,26.765,37,1383,6-2 6-4 6-1,5,R32,127,3,1,72,51,37,11,0,2,4,0,5,93,56,29,15,0,5,13,2026
2026-580,Australian Open,Hard,128,G,O,20260118,101,Z355,3,,Alexander Zverev,R,198,GER,28.761,3,5105,N771,26,,Cameron Norrie,L,188,GBR,30.42,27,1553,7-5 4-6 6-3 6-1,5,R32,,16,1,106,79,61,14,0,3,5,5,2,116,83,53,18,0,8,14,2026
2026-580,Australian Open,Hard,128,G,O,20260118,102,DH58,6,,Alex de Minaur,R,183,AUS,26.932,6,4080,TD51,29,,Frances Tiafoe,R,188,USA,28.008,34,1500,6-3 6-4 7-5,5,R32,163,8,6,97,60,46,20,0,3,5,6,1,101,60,35,22,0,7,12,2026
2026-580,Australian Open,Hard,128,G,O,20260118,103,C0AU,18,,Francisco Cerundolo,R,185,ARG,27.447,21,2035,RE44,13,,Andrey Rublev,R,188,RUS,28.26,15,2600,6-3 7-6(4) 6-3,5,R32,129,8,2,100,66,52,20,0,2,3,5,5,81,50,42,12,0,3,6,2026
2026-580,Australian Open,Hard,128,G,O,20260118,104,BK92,10,,Alexander Bublik,R,196,KAZ,28.602,10,3065,EA24,,,Tomas Martin Etcheverry,R,196,ARG,26.519,62,895,7-6(4) 7-6(5) 6-4,5,R32,155,21,2,104,67,60,23,0,3,3,10,1,112,75,56,24,0,3,4,2026
2026-580,Australian Open,Hard,128,G,O,20260118,105,D0FJ,22,,Luciano Darderi,R,183,ITA,23.943,25,1599,KE29,15,,Karen Khachanov,R,198,RUS,29.678,18,2320,7-6(5) 3-6 6-3 6-4,5,R32,206,17,4,126,78,59,27,0,2,4,14,4,139,91,64,26,0,5,8,2026
2026-580,Australian Open,Hard,128,G,O,20260118,106,M0EJ,5,,Lorenzo Musetti,R,185,ITA,23.896,5,4105,M0FH,,,Tomas Machac,R,183,CZE,25.281,24,1610,5-7 6-4 6-2 5-7 6-2,5,R32,265,10,5,156,118,79,17,0,10,15,3,3,197,153,88,19,0,18,26,2026
2026-580,Australian Open,Hard,128,G,O,20260118,107,S0AG,2,,Jannik Sinner,R,191,ITA,24.441,2,11500,S0JA,,,Eliot Spizzirri,R,185,USA,24.088,85,725,4-6 6-3 6-4 6-4,5,R32,222,17,4,131,88,56,19,13,10,16,6,3,108,70,46,17,11,3,11,2026
2026-580,Australian Open,Hard,128,G,O,20260118,108,S0S1,8,,Ben Shelton,L,193,USA,23.294,7,4000,VA25,30,,Valentin Vacherot,R,193,MON,27.19,31,1519,6-4 6-4 7-6(5),5,R32,138,15,1,96,63,50,22,0,1,1,12,4,91,63,50,13,0,2,4,2026
2026-580,Australian Open,Hard,128,G,O,20260118,110,FB98,9,,Taylor Fritz,R,196,USA,28.241,9,3840,W367,,,Stan Wawrinka,R,183,SUI,40.827,139,437,7-6(5) 2-6 6-4 6-4,5,R32,165,30,1,120,84,71,18,0,5,7,16,3,114,70,60,24,0,5,7,2026
2026-580,Australian Open,Hard,128,G,O,20260118,110,D643,4,,Novak Djokovic,R,188,SRB,38.678,4,4780,V812,,,Botic van de Zandschulp,R,191,NED,30.308,75,759,6-3 6-4 7-6(4),5,R32,164,11,5,93,61,46,20,14,5,7,15,4,102,62,45,18,11,5,9,2026
2026-580,Australian Open,Hard,128,G,O,20260118,111,M0NI,16,,Jakub Mensik,R,196,CZE,20.397,17,2345,Q02L,,,Ethan Quinn,R,191,USA,21.87,80,733,6-2 7-6(5) 7-6(5),5,R32,154,11,7,102,54,39,28,0,3,6,9,7,107,57,39,23,0,5,10,2026
2026-580,Australian Open,Hard,128,G,O,20260118,112,RH16,12,,Casper Ruud,R,183,NOR,27.091,13,2795,C977,,,Marin Cilic,R,198,CRO,37.322,70,790,6-4 6-4 3-6 7-5,5,R32,185,25,4,123,87,68,15,0,8,10,18,6,123,65,51,31,0,3,7,2026
2026-580,Australian Open,Hard,128,G,O,20260118,113,A0E2,1,,Carlos Alcaraz,R,183,ESP,22.727,1,12050,PL56,19,,Tommy Paul,R,185,USA,28.693,20,2050,7-6(6) 6-4 7-5,5,R16,158,2,0,89,63,50,19,15,1,2,7,5,106,60,50,23,14,7,9,2026
2026-580,Australian Open,Hard,128,G,O,20260118,114,Z355,3,,Alexander Zverev,R,198,GER,28.767,3,5105,C0AU,18,,Francisco Cerundolo,R,185,ARG,27.452,21,2035,6-2 6-4 6-4,5,R16,134,7,2,75,60,48,8,0,1,2,0,0,94,60,39,15,0,3,8,2026
2026-580,Australian Open,Hard,128,G,O,20260118,115,DH58,6,,Alex de Minaur,R,183,AUS,26.938,6,4080,BK92,10,,Alexander Bublik,R,196,KAZ,28.608,10,3065,6-4 6-1 6-1,5,R16,93,5,1,62,38,31,17,0,0,0,6,4,81,54,28,12,0,5,11,2026
2026-580,Australian Open,Hard,128,G,O,20260118,116,T0HA,25,,Learner Tien,L,180,USA,20.148,29,1540,MM58,11,,Daniil Medvedev,R,198,RUS,29.955,12,2910,6-4 6-0 6-3,5,R16,100,5,1,68,45,32,15,0,0,1,6,6,86,59,34,7,0,3,10,2026
2026-580,Australian Open,Hard,128,G,O,20260118,118,M0EJ,5,,Lorenzo Musetti,R,185,ITA,23.901,5,4105,FB98,9,,Taylor Fritz,R,196,USA,28.246,9,3840,6-2 7-5 6-4,5,R16,124,13,2,81,56,47,17,0,2,2,10,1,84,50,32,19,0,5,9,2026
2026-8998,Adelaide,Hard,28,250,O,20260112,8,H0BH,,,Rinky Hijikata,R,178,AUS,24.887,115,527,S0N0,,,Tristan Schoolkate,R,183,AUS,24.879,97,641,6-4 6-4,3,R32,79,4,1,52,33,26,13,10,3,4,8,5,59,30,22,14,10,3,6,2026
2026-8998,Adelaide,Hard,28,250,O,20260112,9,S0H2,,,Alexander Shevchenko,R,188,KAZ,25.123,104,597,D923,,,Damir Dzumhur,R,175,BIH,33.651,66,837,4-6 6-4 7-5,3,R32,147,7,5,102,61,41,20,16,4,9,1,1,100,61,40,15,16,4,10,2026
